edad,ingreso_mensual,talla_cm,peso_kg,temperatura_c,frecuencia_cardiaca,ciudad,tipo_servicio,nivel,codigo_serie,referencia,sensor_defectuoso
39,,174.2870971,78.31737544,,76.55269766,Puebla,basico,alto,Z,REF-964053,
,16048,168.917333,73.53058582,36.33279624,,Puebla,estandar,medio,Y,REF-147729,
44,41790,161.1390889,94.09390455,36.11729776,96.18860302,,basico,alto,X,REF-867825,
,13803,160.2671458,71.68677645,36.25198271,89.60282443,Puebla,estandar,bajo,,REF-406327,
15,,,50.06966649,,64.70154877,Guadalajara,estandar,alto,X,REF-159441,
19,19478,172.8833502,63.75463871,36.77427303,78.41613824,CDMX,basico,medio,Y,,
,21017,159.3993735,82.7166842,36.63578983,81.27419373,,basico,medio,Y,REF-254548,
31,,171.9376102,80.53712749,36.20696503,54.28459637,,estandar,alto,Z,REF-258264,
,14488,156.8242002,53.0611845,36.86840355,,CDMX,basico,medio,,REF-981686,
,,166.1633827,64.85920473,36.17135333,103.2759019,Puebla,basico,bajo,Y,REF-298834,
46,13753,168.9868298,66.85590111,37.00563235,83.67923399,Monterrey,estandar,bajo,Z,REF-592446,
44,,190.0061713,69.88342568,37.60010345,93.68095698,Monterrey,basico,alto,Z,REF-280599,
36,7035,155.6041591,,,78.19497676,Monterrey,basico,bajo,X,REF-211590,
49,26387,181.2481311,66.20280449,36.80408785,,Puebla,basico,alto,Y,REF-100833,
41,13028,169.3485817,64.79945321,36.42749908,80.57525668,CDMX,,bajo,Y,,
25,35840,171.7005473,85.80146564,40.22177234,66.21008022,CDMX,basico,alto,Z,REF-526390,
,4279,169.0651312,86.32769835,36.38904822,64.43469775,Monterrey,basico,bajo,Y,REF-490599,
23,,172.0025414,72.95865359,36.21748667,91.19565469,Guadalajara,basico,,Y,REF-135062,
,6544,166.6168341,69.51144286,,92.46810811,CDMX,basico,bajo,,REF-414632,
34,10964,181.0864516,,37.20282598,64.10672421,CDMX,basico,bajo,,REF-345645,
33,20884,163.8917597,63.5679485,36.69550188,87.61598565,CDMX,basico,medio,Z,REF-614187,
27,16165,178.1901111,58.94435085,36.73289065,,CDMX,basico,medio,X,REF-995322,
50,,162.2006959,61.83690308,36.49184217,80.07770289,CDMX,basico,medio,Z,REF-722475,
33,16360,167.4577334,66.1126157,36.53949512,81.52262367,Toluca,premium,medio,Y,REF-926555,
30,20336,158.352337,58.7113668,,87.93220562,CDMX,basico,medio,,REF-273002,-3.110488065
31,9828,172.0952135,77.26883383,36.58868201,76.99261842,Toluca,basico,,,REF-293568,
41,27508,181.0061336,,36.78574288,,Toluca,premium,alto,Z,,
39,26788,167.3037944,,36.5313985,79.71295408,CDMX,,alto,X,REF-379001,
,22678,166.2280287,75.35180196,36.48024649,83.49021127,Monterrey,,alto,Y,REF-863892,
40,25136,157.9684473,71.92089887,36.10758004,66.0008489,,basico,alto,Y,REF-517333,
61,21504,165.9363661,79.7811216,35.90778783,101.9039081,Monterrey,basico,,Z,REF-280738,
30,,153.6648517,74.81885725,36.50845333,81.63789908,CDMX,basico,,Z,REF-859971,-0.447463638
,,159.7840981,54.64961008,36.61977384,84.5559691,CDMX,basico,medio,Y,REF-595412,
25,,170.0410744,57.32654982,,56.70177027,CDMX,,medio,,REF-822380,0.025262831
42,11453,179.8711188,75.41193006,36.5879338,,Monterrey,estandar,,Y,REF-507016,
49,9689,193.2828978,89.40293288,,90.85460426,Toluca,basico,bajo,X,REF-213617,-0.014334005
,,162.7207342,44.00137681,35.8453972,79.44269342,Monterrey,estandar,bajo,X,REF-712931,
25,10560,180.9177014,79.84017212,36.27970637,,Monterrey,basico,,,REF-212003,
105,17253,170.1937723,91.65470807,36.74254236,,Toluca,basico,medio,Z,REF-696961,
43,,166.6387712,72.85763773,,69.47460635,,estandar,medio,X,REF-475058,
44,18561,171.8933501,82.70283494,,92.93580383,CDMX,premium,medio,Y,REF-812375,
42,11371,168.5572484,,36.65545682,74.94597186,Puebla,basico,bajo,Y,REF-883084,
27,30892,168.9935615,73.32887321,36.95784253,78.45648023,Guadalajara,estandar,alto,X,REF-466634,
38,28051,164.3250015,,36.87197554,90.14745494,CDMX,basico,alto,Y,REF-893875,
36,16356,155.4170131,42.17919368,36.56664997,65.23008435,,basico,medio,X,REF-199809,
38,12166,,88.19872122,36.43620829,64.08583831,Toluca,estandar,bajo,X,REF-196629,-0.017433897
45,25014,173.8792039,61.21007101,36.37972943,,CDMX,,alto,Z,REF-994183,
38,20149,165.5096992,68.62261017,,85.9260736,,basico,medio,X,REF-616866,
43,7550,162.6351999,55.58980845,36.66828639,60.02947297,,estandar,bajo,Y,REF-505641,
,17281,168.0765506,55.26042416,36.8202914,55.9835848,,basico,medio,X,REF-240107,
38,21065,175.1543903,72.5662722,39.48851955,85.88465112,CDMX,basico,medio,X,REF-360097,
,10491,169.6232755,,36.88656738,68.76426025,Monterrey,basico,bajo,Z,REF-717515,0.580622619
18,,162.0955056,80.29159397,36.63310739,,Puebla,premium,,,REF-839541,
,7519,179.0366366,81.33553787,36.87464105,53.71827518,,estandar,bajo,Z,REF-924789,
29,40128,182.2126695,79.49189505,36.90478797,67.85224823,CDMX,basico,alto,,REF-466959,
27,38059,172.4510099,78.34041107,36.31841568,,CDMX,basico,alto,,REF-509291,
32,15469,176.7629716,97.08875487,35.96714958,87.16453429,,estandar,medio,X,REF-246967,
53,22386,179.17764,60.05368723,37.1402225,66.74523801,Monterrey,basico,,Y,REF-174774,
109,4239,178.1708938,74.23091187,36.68983056,,Monterrey,estandar,bajo,X,REF-494064,
47,8994,,90.85765749,35.99992994,,Monterrey,estandar,bajo,Z,REF-621328,
,15091,173.3851234,92.70355733,,67.80289838,Guadalajara,basico,medio,Y,REF-193884,
31,9460,172.6769452,55.09530891,36.870156,,Monterrey,basico,bajo,Z,REF-467664,1.283845127
37,27633,158.1239609,70.62702382,36.50211311,,CDMX,,alto,X,REF-677406,
42,59665,174.3065084,94.01369534,36.4207785,69.37570325,CDMX,basico,alto,Z,REF-829808,
,8885,155.7976743,82.11310747,37.09030865,74.13840243,Toluca,,,Z,REF-944637,
45,10891,160.8486049,,,92.23688293,,premium,bajo,Z,REF-406309,
31,20731,179.7320856,71.95241429,36.32064632,93.59443384,Toluca,basico,medio,X,REF-452553,
,47325,175.5619815,69.62678704,,66.19848185,Toluca,estandar,alto,Z,REF-887406,
,8645,181.3865846,79.03506688,36.73665923,75.49079428,Monterrey,,bajo,Y,REF-723942,
33,20901,165.5549305,,36.77372006,77.08188193,Toluca,basico,,,REF-346330,
20,53686,157.6297604,74.40389931,36.91893332,64.16511867,Guadalajara,,alto,X,REF-716627,
21,6681,,76.10038189,,75.33177937,CDMX,basico,,Z,REF-241765,
24,8346,168.9182817,,36.77128438,76.06387433,,estandar,,Z,REF-504136,
41,13960,168.7108984,82.44981123,36.50927676,89.68251375,CDMX,basico,bajo,Y,REF-375832,
37,13171,178.2031243,115.7994251,36.62194441,90.48910034,CDMX,estandar,bajo,Z,REF-993375,
93,29310,164.7485662,50.12218705,,72.04948722,Guadalajara,premium,,X,REF-131424,
30,20809,171.1683102,79.53617534,,73.43256227,Monterrey,estandar,medio,Y,REF-871088,
37,6205,159.1023557,64.35733876,36.87038893,83.97150762,Puebla,premium,bajo,Y,REF-353121,
,24523,172.0528555,83.08363609,,68.97773861,Monterrey,,,Z,REF-132601,
31,12729,168.027977,75.65180463,36.61547595,83.06368182,CDMX,,bajo,Y,REF-694105,0.902367417
40,38669,161.25168,85.66596684,,,,,alto,Z,REF-710229,
27,,165.8775357,91.45709207,36.62368494,64.36721707,Guadalajara,estandar,bajo,X,REF-228054,
31,,,77.69389565,36.59019378,,,estandar,,,REF-134493,
30,24905,165.5686038,90.84873204,36.66761355,93.36470435,,premium,alto,X,REF-200228,
21,28449,183.9420712,42.17982949,37.37228386,74.12294225,CDMX,estandar,alto,X,REF-467982,
,23552,167.113986,97.26633217,36.41667953,95.68424913,CDMX,estandar,,Z,REF-219146,
29,6547,165.804935,80.25087013,36.74780116,69.83636487,Puebla,estandar,,Z,REF-732738,-1.762000237
35,24858,149.1229414,90.08980698,36.97396172,,Puebla,premium,alto,Z,REF-169796,
41,9677,159.9521338,57.92173957,36.63430067,,Monterrey,basico,,,REF-810024,
40,20729,165.6323392,63.36922166,37.41824579,63.31135906,CDMX,estandar,medio,Z,REF-887170,
43,7661,161.8273259,77.04313612,36.46768625,53.226226,Puebla,estandar,bajo,X,REF-745165,
34,23527,180.4353683,74.76146955,36.71343123,91.43908158,Monterrey,premium,alto,Y,REF-949702,
30,11094,166.51556,78.96296023,36.32041799,66.07829074,CDMX,basico,bajo,Z,REF-945306,-0.223289722
,8338,179.5959982,90.18321225,36.47696634,75.75152363,Monterrey,estandar,bajo,,REF-141904,
15,27623,,,36.68712687,,Guadalajara,estandar,alto,,REF-407765,
18,,,88.633467,36.89620642,79.21795337,,premium,medio,X,REF-784063,
19,12453,,,36.71168319,64.59356551,CDMX,premium,bajo,Z,REF-405675,
,42995,168.0341663,72.14705394,37.0406902,,Guadalajara,estandar,alto,X,REF-763435,
40,13818,183.469155,54.40438672,36.56676214,81.39778392,,estandar,bajo,X,REF-796870,
24,62671.51041,147.1235035,82.04268136,,63.90029336,,basico,alto,Z,REF-997217,
30,,149.9860883,,37.54639479,67.59899164,CDMX,premium,,Z,REF-396880,
51,12411,163.1114625,84.07751616,,71.831406,Toluca,,bajo,Y,REF-413083,
31,,168.1307509,54.1105183,36.34818146,58.85421479,CDMX,,alto,X,REF-121846,
44,13070,174.2109398,75.74841078,,,Guadalajara,,bajo,Y,REF-356957,-1.187526576
24,14061,172.2577848,73.33163628,36.27006203,77.42555848,CDMX,,,Y,REF-352476,
33,40770,164.5417868,91.37353406,36.92779927,71.2054127,Puebla,basico,alto,X,REF-507773,
24,9641,177.1713932,,36.47246795,,Monterrey,basico,bajo,X,REF-479061,
31,4232,177.2717586,65.28206014,36.64457687,,Toluca,premium,bajo,Y,REF-870916,
,47320,169.6565205,67.90756226,36.57777196,68.13107845,CDMX,estandar,alto,,REF-796410,
15,83094,176.6639182,92.82035876,36.85602234,,CDMX,basico,alto,X,REF-755733,
,14115,170.4538074,82.50815757,,93.2317375,,estandar,,Z,REF-104691,
,5631,162.9466528,69.60118026,36.2235497,70.42743529,,basico,bajo,X,REF-524460,
28,,174.2803516,71.68975012,36.67850406,81.82237878,Puebla,premium,,Z,REF-756638,
18,15160,168.9955181,53.05952073,36.81033575,73.12459413,,basico,medio,Z,REF-320106,
36,,,80.43863881,36.71638631,80.38584814,Guadalajara,basico,medio,,REF-482366,
29,9229,,50.36258009,36.31669119,94.78935437,Toluca,basico,bajo,,REF-754313,
38,25485,145.9421508,85.52515052,36.83711969,82.10391452,,,alto,Z,REF-815085,
101,24657,,76.80070229,36.33964868,54.71902553,CDMX,estandar,alto,Z,REF-869073,
54,,157.3163662,108.4173252,36.41746147,81.44794758,Guadalajara,estandar,bajo,Y,REF-486830,
,,,,36.26961627,90.79436492,CDMX,estandar,,,REF-459955,
23,61681,165.7085265,73.56273073,37.05540542,73.34084596,Puebla,basico,,Z,REF-444436,
,,154.4340692,100.1760278,,87.94761767,CDMX,,medio,Z,REF-701726,
,14702,159.1335777,91.67945496,36.81174768,67.71861351,CDMX,basico,,Y,REF-477593,1.17933781
,16530,160.2524249,65.25303128,37.036524,58.17353009,Monterrey,premium,medio,,REF-460190,
45,26037,,78.135544,37.58442724,,CDMX,basico,alto,Z,REF-251448,
39,6372,,75.02799099,36.00177086,54.92227935,CDMX,premium,bajo,X,REF-530643,
53,19866,164.2942552,,36.3415682,,Monterrey,,medio,X,REF-313559,
21,14241,164.7277504,,36.38433872,91.44210715,CDMX,basico,,Z,REF-572418,
27,54547,157.657164,73.74951436,36.30221313,53.08284513,Guadalajara,basico,alto,X,REF-899794,
,,150.8268263,52.62726675,36.22284586,60.64603845,CDMX,,medio,,REF-798152,
30,48965,166.9480783,76.89172833,36.49512143,63.61561306,CDMX,estandar,alto,Y,REF-530248,
18,9282,,81.30028943,36.1741887,,CDMX,,bajo,Y,REF-979754,
43,25603,167.2363452,71.81612822,36.71726483,71.61139857,Puebla,basico,,X,REF-982201,-0.445679556
,21802,153.5981474,52.38928753,36.61809441,92.78963658,Toluca,estandar,medio,X,,
,,161.1422299,88.83944608,36.76836003,87.45217995,CDMX,,,X,REF-787152,
23,20022,169.3376439,80.10335053,36.77770496,81.94327535,,premium,medio,,REF-408083,0.025770194
,,171.2958864,64.83578863,36.8110524,77.74756377,,premium,alto,Y,REF-890779,
45,14822,,,36.46930687,80.71875732,Monterrey,estandar,medio,X,REF-436231,
59,6522,156.1155991,,37.34240019,,Monterrey,estandar,bajo,,REF-332452,
,17811,175.6921716,60.64425821,36.68205089,,Monterrey,estandar,medio,Z,REF-220500,
,,160.7980947,,35.94813034,62.65546895,Puebla,estandar,,Z,REF-858372,
23,14658,173.6957212,92.19789137,,86.02452393,Guadalajara,estandar,medio,,REF-367244,
15,,167.9042519,66.04695253,35.99082395,,Guadalajara,basico,medio,X,REF-831986,
38,,,83.96299123,36.60606712,,CDMX,estandar,bajo,Z,REF-177802,
25,6828,165.1542207,67.46357316,36.55736817,73.88544329,CDMX,premium,bajo,X,REF-550794,
30,24037,171.2882737,,,,Monterrey,basico,alto,Z,REF-485104,
28,13154,173.5166884,73.02046297,37.30382414,41.66177956,,,bajo,Y,REF-494937,
33,3863,166.7311089,87.2227924,,,,premium,,Y,REF-250621,1.196816709
,28826,181.78601,67.51264126,36.85413443,,,basico,alto,Z,REF-166478,
37,21196,,52.9846045,36.27412428,75.39246264,CDMX,estandar,medio,,REF-411765,
33,11729,165.690113,55.65271356,36.25029929,84.47839015,Monterrey,premium,bajo,Z,REF-523209,
23,8168,174.7510963,67.55371508,36.61288192,75.10277294,Monterrey,premium,bajo,X,REF-814219,
15,29721,185.4041414,57.51316041,36.6605525,62.31751772,,basico,alto,Z,REF-516208,
29,,185.6443614,80.74296822,35.95029095,74.30316795,CDMX,basico,medio,X,REF-321334,-0.337476403
,75184,156.9480011,,36.53689254,76.81066581,Guadalajara,estandar,alto,Y,REF-336240,
56,23161,159.661202,,36.60492523,77.37920694,Guadalajara,basico,alto,Z,REF-650704,
37,22714,181.3642691,,36.52469779,77.94303241,Monterrey,,alto,Z,REF-492091,
47,16285,158.4754705,77.8508645,36.31531336,88.47242854,,basico,,Z,REF-911062,
29,29384,156.0971298,59.20865767,36.41116269,62.96758536,Guadalajara,,,Y,REF-495793,
21,26191,163.6242528,68.09238123,36.53809928,78.10840547,Guadalajara,estandar,alto,X,REF-610235,
23,,171.7820404,76.97987263,36.63178001,91.47915638,Toluca,,alto,,REF-157513,
,,167.0784296,42.44480075,36.81167705,55.18466204,Puebla,,bajo,Y,REF-274413,
,13862,162.1449274,78.31556564,36.97829967,,Guadalajara,,,Y,REF-865149,
,13503,161.9320878,101.6407045,36.4969783,68.97545798,Guadalajara,basico,,Y,REF-410289,
45,,161.5889664,68.65186382,36.44034533,71.55147539,CDMX,basico,alto,,REF-478910,
24,44230,160.0844133,78.63731,36.75317949,65.14230996,,basico,alto,Y,REF-631331,
46,13668,188.5346959,89.3489037,36.81379572,73.96539141,CDMX,basico,bajo,X,REF-152070,
40,13950,170.6775996,72.704651,36.44802985,98.09506737,CDMX,basico,bajo,X,REF-555949,-0.385838775
33,21733,,66.86655736,36.87663772,60.82683567,Toluca,,medio,Y,REF-411558,
,,163.5983028,,36.94285487,61.96467997,Monterrey,,medio,Z,REF-233757,
27,31868,,83.97387007,37.05209026,60.37678516,CDMX,basico,,Z,REF-476502,
40,4661,161.5780142,73.41564226,37.22241232,96.72901944,,estandar,bajo,Y,REF-502116,0.699673275
30,10961,144.134625,60.82242608,,70.45192353,CDMX,estandar,bajo,Y,REF-267693,
20,11256,155.5979165,,,75.69233128,Monterrey,premium,bajo,X,REF-588759,
20,4473,151.7044319,66.828475,36.60394719,71.16660471,CDMX,estandar,bajo,Y,REF-771561,
37,10096,147.751946,67.60203416,,64.66692546,Toluca,,bajo,Y,REF-340599,
,10395,157.2417692,83.48807619,36.37275798,73.17819224,Toluca,basico,,X,REF-969876,
37,15954,179.9246011,56.26264624,36.0800533,105.4989233,Guadalajara,,medio,Z,REF-651200,
,35098,167.6000745,89.66241401,36.63243781,92.70485105,Monterrey,basico,alto,X,REF-795773,
,15539,179.6150739,,36.33107552,65.76474619,CDMX,basico,medio,Z,REF-163144,
,9698,171.6988432,65.72218028,36.63009772,83.77088924,CDMX,basico,bajo,Y,REF-790721,
108,17395,175.0430294,,36.32208476,66.02172673,Monterrey,,,X,REF-402945,
30,33780,159.891927,90.78296666,36.21511958,54.68358833,,basico,alto,X,REF-739128,
48,10022,172.7155586,76.36645589,,,CDMX,,bajo,X,REF-823848,1.129970394
40,10423,174.5584281,,36.65282253,89.92111416,CDMX,estandar,,Y,REF-325358,
,25166,,,36.80274869,88.55262701,,,alto,X,REF-333356,
37,15760,173.0358633,76.0258544,37.36505232,,Guadalajara,,medio,,REF-153566,
,26546,173.0956898,75.52532525,36.69705134,73.99869119,Monterrey,estandar,alto,Y,REF-644658,
,17853,163.0540264,73.72780699,36.76977862,84.99718664,Puebla,,medio,Z,REF-796628,
55,27423,157.8950841,74.5683448,,80.69795245,,estandar,,Z,REF-469026,
,,157.342845,71.99874846,36.1495824,,Puebla,estandar,bajo,Y,REF-244888,
,17870,168.7785499,54.8122977,,56.57113816,,basico,medio,Z,REF-384813,
30,15862,170.9430888,67.76884961,36.27678208,77.36650233,,basico,medio,X,REF-462559,-0.904089166
53,,160.8672675,87.80473676,36.23461957,,Guadalajara,premium,bajo,X,REF-924517,
22,7045,168.2392681,55.84331983,,61.62894053,CDMX,estandar,bajo,X,REF-211617,
24,27162,173.1348333,72.34622284,36.56843266,83.66511258,Toluca,estandar,,,REF-408935,
43,14582,173.5637164,63.523445,,79.97850034,CDMX,,medio,X,REF-674255,
,9747,181.9669211,76.55890601,36.49325937,85.00177916,CDMX,basico,bajo,,REF-313008,
,16991,179.4928275,69.55913547,,,CDMX,,,Y,REF-896261,
33,35417,158.9883771,95.68351131,36.31790224,67.6664171,,basico,,X,REF-918370,
39,4581,183.1522759,82.09216416,36.11221463,56.5964872,Guadalajara,basico,bajo,Z,REF-442097,
100,7333,163.2212115,56.63475568,,,Guadalajara,estandar,bajo,Z,REF-771349,
36,10346,177.4038553,84.39719216,36.77230392,86.66952781,Puebla,basico,bajo,Z,REF-780328,
,43254,168.6118796,64.15487401,,69.49595316,CDMX,estandar,,Y,REF-713619,-0.178103467
15,21326,164.2906556,66.9220508,36.04624154,67.67148011,Guadalajara,basico,medio,X,REF-267837,
34,,151.7307283,79.39346628,36.33938183,54.1437959,CDMX,estandar,,,REF-144581,
,9082,,68.11553612,36.58085345,97.03177065,Puebla,estandar,bajo,Z,REF-412499,
20,,153.9655509,87.49998143,37.00798523,85.9085637,CDMX,estandar,bajo,Y,REF-218084,
,,176.7056931,64.15685914,,,CDMX,estandar,alto,Z,REF-363092,
31,18640,181.6511339,66.33474826,36.57041804,87.61270464,Guadalajara,premium,medio,X,REF-674505,
46,,,65.81080749,36.83630063,82.92050034,Monterrey,estandar,alto,X,REF-629921,0.561661808
19,16083,170.7177367,67.08105752,35.76655643,73.06805374,Puebla,estandar,medio,X,REF-288489,
35,,,90.38868178,,74.03483075,Monterrey,estandar,medio,,REF-115939,
29,19791,162.3436374,83.80314811,36.1861423,,Puebla,basico,medio,Y,REF-303073,
,28704,174.9704523,,36.71619842,107.6168891,Guadalajara,basico,alto,X,REF-509321,
47,,167.6531556,106.7470189,36.6863391,82.67094438,CDMX,basico,alto,Z,REF-801223,
41,,183.6568324,60.56996155,36.97960524,,CDMX,basico,bajo,Z,REF-428627,
,4674,163.6599077,75.98586778,36.79282353,,CDMX,basico,bajo,Y,REF-357332,
33,32833,176.994027,58.53319557,35.76794833,63.86957299,CDMX,basico,alto,Z,REF-596214,
27,36708,168.8767207,64.11351701,36.32532726,94.05408062,Guadalajara,estandar,alto,X,REF-164428,
32,,175.1620021,66.17884486,36.6483718,,Guadalajara,basico,bajo,,REF-302903,
38,5897,163.9755811,60.19983176,,,Monterrey,,,X,REF-132788,
37,,167.5539705,60.27357818,36.76716376,88.79173156,Guadalajara,basico,medio,Z,REF-573054,
22,31465,166.9605101,72.9800187,36.87627829,80.61722253,,,alto,Y,REF-498859,
,52928,160.475486,57.96594214,36.81295811,77.1336399,Monterrey,,alto,X,REF-624294,
38,24536,173.9587338,86.78977743,36.52500377,,CDMX,estandar,alto,Z,REF-655415,
,14402,173.8522411,62.15145048,40.14613523,75.32270684,CDMX,basico,medio,Y,REF-455608,
,10533,173.3419923,114.3339656,36.44058156,69.07961813,Monterrey,,,Y,REF-881995,
25,18124,,68.68061769,36.74572885,70.60619884,Monterrey,basico,medio,X,REF-926424,
32,,181.0441032,,36.21834346,,CDMX,premium,,X,REF-199723,
17,9790,164.6254978,56.86522342,36.82094616,74.69756041,CDMX,basico,,Z,REF-928108,
,,171.3574709,98.88528461,36.91793765,66.57044477,Monterrey,estandar,,Y,REF-277005,
39,52535,162.3875938,,36.64440344,,Monterrey,basico,alto,Y,REF-323568,
49,35588,168.2101978,79.15682219,35.52767705,89.20444817,CDMX,estandar,,Z,REF-576820,
,10359,162.602255,56.14476432,36.15266907,84.1072796,Guadalajara,estandar,bajo,,REF-126464,
27,30066,182.5806328,,37.26016621,82.72395014,Puebla,basico,,Z,REF-427697,
,26421,171.2732834,59.29996536,36.40871177,72.90974561,CDMX,basico,alto,Z,REF-275134,
33,23474,166.0377378,95.47297369,35.90554987,82.88034964,,basico,alto,,REF-534283,
22,,178.7425671,86.32872625,37.03233659,68.2772665,CDMX,basico,,Z,REF-833215,
29,26353,148.4644613,76.33614654,36.60467446,,Guadalajara,premium,alto,Y,REF-931711,
24,28061,149.8730766,40.89074071,36.98672917,87.63765385,Guadalajara,basico,alto,Z,REF-290965,
34,26378,175.1625479,,36.69693554,,,basico,alto,X,REF-590401,
15,22084,168.544216,,36.7604957,64.21708185,Toluca,,medio,,REF-526974,
17,,170.2540167,91.98037168,36.72705324,65.73368257,Guadalajara,basico,bajo,X,REF-473608,
,18926,156.0624351,90.52837736,,77.30442583,Toluca,basico,medio,Z,REF-669425,
,12893,167.7908966,52.71181797,37.39710066,96.7135885,CDMX,estandar,bajo,Y,REF-990494,
22,8352,186.0315847,79.2217323,36.93985222,,,premium,,Z,REF-464716,
,,175.4177966,,36.04688124,79.33999527,Toluca,estandar,,Z,REF-158694,
,50794,169.5273589,51.78330208,36.75633153,59.48748002,Monterrey,,alto,Y,REF-924370,
,40687,164.0485148,74.88933678,36.99951827,,CDMX,premium,alto,X,REF-938901,
31,20979,,78.83379358,37.02094528,71.62685898,Monterrey,,,X,,
98,40478,148.837219,70.78929581,36.45068826,70.95389988,,premium,alto,Z,REF-551495,
56,,170.3187638,49.06973402,37.00773056,69.59444872,Toluca,estandar,medio,Z,REF-876328,
23,,175.609348,,36.92470984,76.08648472,Guadalajara,premium,,X,REF-553380,
32,,153.8194261,70.41772398,37.5003811,69.5769332,CDMX,basico,,Y,REF-533077,
44,22841,162.047248,72.92698634,36.33749939,58.45051138,CDMX,basico,alto,Z,REF-929766,
40,18664,157.5828183,67.11140004,,85.35843535,,estandar,medio,X,REF-845923,
30,8238,159.3118392,68.79782985,36.49285833,85.03446601,Toluca,estandar,bajo,Y,REF-556591,
33,17455,168.4813346,74.44411205,39.04227577,86.11809172,CDMX,estandar,medio,Y,REF-245350,
19,17159,149.2403806,81.19436447,36.28849274,57.51118604,Monterrey,,,Y,REF-494565,
32,52927,173.5284339,,35.63306357,,Toluca,estandar,alto,,REF-708807,
32,30781,174.7846956,69.264915,36.44785518,84.11174627,CDMX,basico,alto,Z,REF-345239,
,18124,165.7400767,76.29295654,36.72927532,,CDMX,basico,medio,X,,
28,20898,145.6736234,48.10717704,36.42737235,,Monterrey,basico,medio,Z,REF-692934,1.161866361
,18484,159.0322324,81.67849178,37.27738341,74.60480026,,,medio,X,REF-176518,
,15937,179.0961174,74.99211664,36.60468153,98.1058079,CDMX,basico,medio,X,REF-612680,
37,9402,142.9980515,75.55570937,37.05186017,99.09395244,Puebla,estandar,bajo,X,REF-763801,
39,50965.51526,164.8722893,88.45028031,36.69149714,56.02772328,Guadalajara,estandar,,,REF-292910,
36,11504,157.379993,47.66058258,36.88924256,105.9271241,Toluca,estandar,bajo,Z,REF-593573,
35,,175.2411327,47.36632582,36.69773454,65.01729135,Puebla,basico,bajo,Y,REF-738470,
26,95497.35467,161.9239744,78.83325383,37.07907462,87.76807953,Puebla,estandar,alto,Y,REF-139860,
39,22763,171.6355862,74.90036403,36.61957877,,Guadalajara,,,X,REF-679677,
34,6162,173.0891438,77.3824772,36.77364225,64.05171728,CDMX,premium,bajo,Y,REF-333769,
60,16723,184.5260326,68.53022095,36.72821653,81.91921353,Guadalajara,estandar,medio,X,,
54,32714,166.1735225,84.30095144,36.49910009,74.70959507,,estandar,alto,,REF-683199,
40,,171.3843993,88.0569438,36.74174381,82.65196006,,estandar,alto,Y,REF-103960,
26,33311,,81.77575212,37.38203519,78.76806763,CDMX,estandar,,,REF-115111,
22,18425,178.7137221,71.34840158,36.50536107,,,premium,medio,X,REF-501922,
49,10841,161.1554204,45.49234857,36.74681271,76.90479452,CDMX,basico,bajo,Z,REF-954790,
38,9395,162.9532125,85.76930691,37.04022263,73.98551117,,basico,bajo,Z,REF-105452,
41,22134,167.7997698,92.10420133,36.99908865,,,basico,medio,X,REF-809903,
15,22600,153.9340409,84.02381777,,,Monterrey,estandar,medio,Y,REF-167498,
46,,,62.68500602,35.76581395,84.78176073,Puebla,,alto,Z,REF-540038,1.01950706
40,34826,,84.43312151,36.78084599,68.02495993,CDMX,estandar,,Z,REF-487548,
22,16627,170.6364044,87.04741591,35.82318401,63.45684662,Puebla,basico,medio,Y,REF-521281,
29,,153.6999219,96.82342747,37.11447803,69.18733428,Puebla,basico,bajo,,REF-173727,
38,14863,166.8857164,62.73446106,36.65931585,68.55014337,,premium,medio,Z,REF-778178,
,20506,174.6782601,71.82963582,36.94988591,,Monterrey,basico,medio,Y,REF-348098,
31,15945,151.0981011,85.46180872,36.2842611,87.7118086,,,medio,Z,,
34,12726,158.3271059,75.803741,36.05662238,74.13843653,CDMX,basico,bajo,Y,REF-689941,
32,79207.67804,175.8888924,59.35741357,,93.17102823,Guadalajara,estandar,,Y,REF-596160,
,13303,,,36.5882388,92.42163273,CDMX,,,Z,REF-377753,
53,12348,171.7077442,83.10126287,36.42796071,,Puebla,,,Z,REF-687037,
15,21699,184.7354533,76.23148055,36.62963145,66.13729874,Toluca,basico,medio,Z,REF-997882,
32,14142,172.216975,78.07418898,37.56860256,94.90451979,Puebla,premium,medio,Z,REF-930813,
94,20839,173.9209921,71.37811738,36.89208394,,Monterrey,,medio,Z,REF-924670,
39,21206,192.3967097,95.6959051,36.96732451,77.51398236,Monterrey,,medio,X,REF-297734,
31,9086,166.075759,,36.89537791,71.92473969,Toluca,estandar,bajo,X,REF-626778,
,,160.8190551,66.77750932,37.11781175,65.32251608,CDMX,basico,,Y,REF-458023,
,42650,171.8501676,75.15379719,,,CDMX,estandar,alto,,REF-970251,
56,8963,171.9509193,87.30535639,35.88083354,,Monterrey,,bajo,Y,REF-955075,
,5055,163.2595615,54.03677562,36.53399485,66.59918735,CDMX,basico,,X,REF-881214,
45,5890,158.7084268,56.6558455,36.8841075,112.7143747,,estandar,bajo,,REF-246458,
31,18317,188.7885998,46.47180089,36.26056986,,CDMX,estandar,,Z,,
,,170.9415912,75.45773315,36.53827192,60.9114103,Monterrey,basico,medio,Z,REF-740147,-0.048843586
22,63953.58266,161.4094316,,36.35788059,,CDMX,,alto,Z,REF-774635,
31,37296,176.2433727,69.61629846,37.12571024,,CDMX,basico,alto,Z,REF-415260,
51,3621,167.0176936,84.25929466,,76.77507588,,,bajo,X,REF-223148,
42,22827,165.724067,66.01840191,36.82803922,82.86690904,Guadalajara,,alto,X,REF-223219,
56,45935,,78.23794832,36.81756046,,Puebla,basico,alto,,REF-716095,
,,156.3730596,70.80926929,36.58696276,67.86986145,CDMX,premium,bajo,Y,REF-508752,
,14332,171.1736448,84.40960041,36.6691447,63.11661125,,basico,medio,Y,REF-541973,
56,11457,185.2165933,81.65179294,36.1851854,53.2594498,Puebla,,bajo,Y,REF-833827,
40,,172.195599,65.31292825,35.83474531,,CDMX,premium,bajo,Y,REF-115143,-0.984048523
45,14800,,72.63887545,36.6525284,,Puebla,basico,medio,Z,REF-779077,
,42388,163.4360525,89.61240757,36.71339659,,Monterrey,basico,alto,X,REF-346806,
36,,164.3069402,80.50727618,37.0232426,69.55367447,Monterrey,premium,alto,X,REF-938087,
,,165.7143359,55.44253119,37.14996754,66.02456997,CDMX,premium,,Y,REF-959843,
47,56453,164.5997412,84.17865286,37.14949947,,CDMX,estandar,alto,Y,REF-551922,
21,18388,176.246803,59.81545129,36.25069174,79.6669623,,basico,,Y,REF-384248,-0.975838337
44,51552,152.4011181,94.77518298,36.47670724,86.72558495,,estandar,alto,Z,REF-309863,
33,17020,175.7580005,89.33738376,36.768117,,,,medio,Z,REF-263308,
,19473,,,,,Toluca,premium,medio,Y,REF-999284,
44,22413,171.3925301,77.20125981,37.11803472,,CDMX,basico,medio,Z,REF-268778,
57,121229,157.8571088,72.07354842,36.99178901,,Puebla,,,X,REF-501907,0.47980232
,29998,179.9576796,84.49933532,36.46427422,82.13816442,Guadalajara,basico,,,REF-531291,
16,11775,179.2107146,69.80910563,36.29088013,,,,bajo,Y,REF-711262,
34,32194,176.6363147,78.29797819,36.87611776,71.23366828,CDMX,estandar,alto,Z,REF-858383,
,14487,154.367207,87.20708113,36.21476856,72.01068959,CDMX,basico,medio,X,REF-602196,
29,13417,175.4620896,,40.04579017,66.18929922,Puebla,basico,bajo,,REF-782200,
,,171.6436958,66.37330164,36.55982772,81.05940196,Puebla,basico,alto,,REF-610017,
43,18339,153.5525588,58.27888327,37.15751923,74.87181791,,estandar,medio,Z,REF-493166,
,21275,,60.09738155,,68.04191499,CDMX,basico,medio,Y,REF-241974,
23,,,,35.74626263,68.05306217,CDMX,basico,medio,X,REF-287853,
35,22028,173.0046775,85.21760305,,61.47521527,Toluca,basico,,Z,REF-489175,
20,23228,169.5953523,100.3248036,36.35534235,,Guadalajara,premium,,X,REF-141458,1.042355317
27,5630,170.6210828,94.95460521,36.61492086,76.94341203,Guadalajara,basico,bajo,Z,REF-384725,
39,26851,181.2625025,52.23481716,36.56965335,,,estandar,alto,Y,REF-516366,
49,9986,179.0343052,85.1479654,36.5042036,85.702573,Guadalajara,basico,bajo,,REF-525371,
42,7576,142.1965054,94.9094889,36.8766192,69.27461428,Monterrey,basico,bajo,Y,REF-833296,
15,17380,165.143053,68.60466027,36.06349729,59.12199248,Guadalajara,,medio,Y,REF-970892,
39,,166.5181408,76.42026403,36.41904502,88.25466747,,,medio,Y,REF-756713,
,11873,152.2311128,46.88949729,,69.55483613,Toluca,basico,bajo,Z,REF-171582,0.608789772
40,,168.8476475,78.73430635,36.38507033,71.09321092,Toluca,,alto,X,REF-467740,
54,8045,179.23882,60.11016379,36.03691765,76.49416024,Monterrey,estandar,,X,REF-756919,
15,14100,158.2208893,,36.83399437,89.71107067,Guadalajara,basico,medio,Y,REF-635231,0.010575206
93,12673,171.0276084,53.14315909,36.99308312,76.24044749,Monterrey,basico,bajo,Y,REF-512005,
42,61756.59024,159.7575887,82.60001514,,,Puebla,estandar,alto,X,REF-492621,
,21278,161.9527918,89.34317746,35.91370404,82.52652405,Monterrey,basico,,Z,REF-465362,
,,181.2965427,64.03548194,38.8949641,,,basico,bajo,,REF-621113,
39,,163.1169796,59.08308386,36.01903924,98.65508766,Monterrey,basico,alto,Z,REF-260902,
,,172.1599124,44.8156774,36.70807975,75.98656334,Monterrey,basico,medio,X,REF-565754,
,,151.159037,71.27021052,,49.17957403,Monterrey,estandar,bajo,Z,REF-285280,
45,5558,184.7608581,66.85768492,,80.28837967,CDMX,premium,,Z,REF-712869,
48,17867,173.423872,53.28572823,,99.33517351,Guadalajara,premium,medio,Y,REF-878272,-1.422628649
38,15765,166.3575014,81.34226259,36.53584586,94.91104346,Monterrey,premium,,Y,REF-556937,-0.328069623
38,16917,173.1799186,68.70041465,,97.97145147,CDMX,,medio,,REF-448821,-0.082897023
38,,155.3116251,59.93969658,36.80604615,63.76287778,Puebla,basico,medio,X,REF-946548,
,20609,178.6427767,67.23598632,,86.94582875,Monterrey,basico,medio,Z,REF-693722,
33,31784,165.084137,89.99826355,36.94306681,67.33606552,CDMX,basico,alto,Z,REF-485224,
33,9242,166.1633744,83.44111721,36.69841061,78.69147279,Puebla,,bajo,Y,REF-125905,
40,8910,163.5750995,73.17963514,36.35585498,,Monterrey,basico,bajo,Y,REF-114324,
47,,,83.66747026,36.29692104,,Puebla,estandar,bajo,Y,REF-299337,
22,21407,174.2520355,,36.0233763,67.88503963,Guadalajara,basico,medio,X,REF-312735,
,120276.2513,170.3031617,,36.70175661,,Puebla,basico,alto,X,REF-749259,
53,13896,173.8657333,77.06251263,36.47589436,85.60862946,Guadalajara,,bajo,Z,REF-550545,
26,4012,,68.42228888,35.76973157,,Monterrey,basico,bajo,Y,REF-999962,
25,,172.6187983,81.0964167,36.41249979,59.79494298,CDMX,premium,bajo,Y,REF-586514,
,10919,164.2303613,64.07393163,,,,,bajo,Y,REF-912807,-0.323282599
,12881,188.0675866,82.13748991,37.15148716,67.0466022,Monterrey,estandar,,Z,REF-597145,
35,14088,,82.7260228,36.00402749,86.43610908,Monterrey,basico,medio,Y,REF-422362,0.461350112
51,18422,179.3484359,40,36.09552722,90.13821823,,estandar,medio,Y,REF-743096,
45,14929,,,36.98848938,88.67662703,Puebla,basico,medio,Z,REF-504483,
,33784,160.3305707,40,37.07486711,66.93736697,Monterrey,basico,alto,X,REF-347183,
42,11998,188.0634625,66.37531364,40.27329112,43.12560253,CDMX,estandar,bajo,Z,REF-525902,
,10729,176.9594125,89.35487248,36.37876996,54.79645722,Toluca,basico,bajo,Y,REF-698412,
,23991,176.7402511,70.55798585,36.81568239,,Monterrey,,alto,Y,REF-438002,
15,7163,168.2521997,,35.78551507,,,premium,bajo,,REF-733628,
54,22741,166.0449646,,,66.99130458,Toluca,basico,alto,Z,REF-982643,
30,19142,,,36.50174331,95.71192352,Toluca,estandar,medio,Z,REF-470152,
,16476,171.5147754,48.09893657,37.1424617,91.18191935,Puebla,estandar,medio,Z,REF-365711,
,46681,180.6106765,90.80587541,36.44749447,76.29338466,Monterrey,basico,alto,,REF-461951,
16,31411.7543,169.631828,74.22857061,36.63532788,,,,,Z,REF-854434,
,61964,159.7970074,58.30646537,36.99682625,74.41478545,Guadalajara,,alto,X,REF-261032,
16,15723,175.4198436,66.83638899,37.33740966,78.72595358,,estandar,medio,Z,REF-976308,
25,8366,176.2903567,60.75885922,36.39810303,95.20056738,Guadalajara,basico,,Z,REF-472588,
,18771,173.8919358,87.12715281,36.59410715,,Puebla,basico,medio,Y,REF-857452,
41,9437,174.7094902,85.25398934,37.23771933,84.7123484,CDMX,basico,bajo,X,REF-808133,0.661478395
38,11465,,50.93174413,36.06723025,,Guadalajara,premium,bajo,X,REF-805219,-0.875628732
18,22842,159.6390975,69.34971034,36.95965337,61.96388799,Guadalajara,estandar,alto,X,REF-918074,
,,160.1862591,62.91540073,36.24358956,85.05834271,,premium,alto,Y,REF-266367,
36,12392,153.2808308,93.10913956,,72.46517494,CDMX,estandar,bajo,X,REF-634251,
29,32551,170.1325375,56.09861235,,,,estandar,alto,X,REF-189103,
41,36049,167.248961,97.45920747,36.26469594,50.4619655,Puebla,estandar,alto,Z,REF-369433,
43,42613,,74.53387365,36.25591433,63.78258866,Guadalajara,premium,alto,,REF-136528,
37,24730,141.3994306,58.73291831,36.69674503,82.37467874,CDMX,estandar,alto,,REF-714060,
44,40790,156.7741428,65.51816142,36.94843876,77.36559478,,basico,,Z,REF-646954,
38,5823,178.0875659,63.77733623,36.55459233,78.21240049,Guadalajara,estandar,bajo,Y,REF-766130,
41,14874,162.018366,57.15534237,36.62453961,99.41132179,CDMX,,medio,Y,REF-258604,
27,10699,171.2453251,76.32757604,36.79991092,60.77092462,Monterrey,,bajo,Y,REF-398991,
33,19335,155.4838311,57.80918229,,75.67079975,,,medio,Z,REF-708706,
,12775,180.9483493,44.47487308,36.85889238,79.65322627,,basico,,,REF-843892,
45,16292,166.7037511,69.68452941,36.88677008,67.1647226,Monterrey,estandar,medio,X,REF-897107,
30,55683,170.6103636,49.76001325,37.5112692,76.33992094,,,alto,Z,REF-166326,
41,,,64.46974785,36.46836353,56.80060799,CDMX,estandar,medio,Y,REF-462276,-0.092042539
32,23073,181.6479609,62.27255956,,,Puebla,,alto,Z,REF-109678,
34,,165.2409094,62.80297499,36.86913806,67.82062537,,estandar,medio,Z,REF-836665,
,18837,162.6610183,103.0134834,36.88668646,,Puebla,,medio,,REF-210673,
15,18065,165.0700949,75.78976194,36.4127195,75.61030811,CDMX,premium,medio,Y,REF-839931,
19,23556,172.5890842,78.43519413,36.45889306,,CDMX,estandar,alto,Y,REF-240407,
,36218,167.0529828,50.13042385,36.78939579,,Guadalajara,basico,alto,,REF-113832,
15,48367,164.4428027,65.84451613,40.30429934,75.63107401,,basico,alto,X,REF-891035,
,21675,181.2046313,78.01423682,,68.991648,Toluca,basico,medio,Z,REF-494930,
44,25639,,60.65659522,36.63135747,,CDMX,basico,alto,X,REF-482483,
32,9024,188.6963018,87.71287981,36.94857854,79.81598433,Puebla,,,Z,REF-682061,
37,17076,168.8166831,58.1622478,36.38839048,66.58889789,Puebla,premium,medio,Z,,
48,31644,184.0678655,,35.95516544,74.49946701,Monterrey,estandar,,X,REF-721715,
,,171.2158748,66.79527704,35.92919089,68.67881361,CDMX,estandar,,Z,REF-486167,
34,20437,176.6666452,77.30048923,36.15920543,103.5959688,Guadalajara,basico,medio,X,REF-345394,
51,30637,161.4785005,66.03313899,,74.92323076,CDMX,estandar,alto,Z,REF-455356,
,,160.316167,71.20748922,36.54588623,94.54278582,Puebla,,alto,X,REF-105529,
25,36987,172.1373536,71.69417872,36.18389195,73.65253203,,basico,alto,,REF-371315,
28,,176.8969792,64.7185714,36.35403576,79.1114517,Toluca,,medio,,REF-632302,
17,14541,168.3623085,81.79131416,36.32906994,60.14363114,Monterrey,,medio,Z,REF-224109,
24,,156.42246,78.33743725,36.44582225,70.6351289,Guadalajara,,medio,X,,
31,,155.7576747,73.75940477,37.06287652,78.52641605,Monterrey,premium,bajo,X,REF-690323,
45,22649,155.1557724,68.97358333,36.83168166,95.03204597,,estandar,medio,Z,REF-485407,
56,2016,,86.15161643,,78.66379333,Toluca,basico,bajo,Z,REF-222943,
18,6400,,71.69832059,36.4386408,92.60464433,CDMX,estandar,bajo,,REF-773051,
40,23604,178.1253953,70.70623797,,83.68874932,,basico,alto,Z,REF-797881,
,,167.8792579,76.46566042,36.71471126,95.52881607,Puebla,estandar,alto,Y,REF-131286,
41,8961,147.6562672,98.75221356,36.80445918,75.29149339,Puebla,basico,bajo,X,REF-281519,
,11741,166.2831559,56.23501309,36.28233387,104.6826725,Guadalajara,,,Z,REF-433310,
15,,166.534809,85.7779965,36.61276826,70.17524557,Puebla,premium,alto,Y,REF-758233,
46,13463,186.8639888,48.49560374,35.88893315,66.80245799,,basico,bajo,Y,REF-166627,
28,69139,154.8857588,78.04182422,36.67409982,,,basico,alto,Z,REF-825026,
29,17979,164.4839016,97.05115959,36.86675223,103.9722961,CDMX,estandar,medio,X,REF-387497,
22,22993,183.3526741,81.84135934,36.50197598,,CDMX,basico,alto,Z,REF-212793,
27,47489,172.0498051,77.3887511,37.23578445,71.9905512,,basico,alto,,REF-877033,
40,19472,173.0698177,,,,CDMX,basico,medio,X,REF-178071,
33,9865,169.0312599,75.43466081,36.67610415,84.25230622,Guadalajara,basico,,Z,REF-216619,
39,16853,170.9694918,71.47112058,36.58746134,99.59352966,Puebla,estandar,medio,X,REF-954614,
39,,174.9984858,63.99632749,36.56489582,,CDMX,,medio,,,
51,,160.7146231,70.94174138,36.55998724,72.8156787,Monterrey,,bajo,Y,REF-516741,
31,15439,175.9025272,77.77733625,,70.44974339,CDMX,estandar,medio,Z,REF-718621,
,11531,155.6429728,64.25896104,36.89678556,,Puebla,basico,bajo,,REF-667211,
48,31343,170.9553118,63.71205451,37.08220768,88.72392646,Puebla,basico,alto,X,REF-652202,
31,18378,169.6086687,55.95659187,,,,estandar,medio,X,REF-120934,
48,15191,162.4533622,80.47015037,36.88536063,,,basico,medio,X,REF-596560,
40,16889,167.7958325,,36.35438157,,Toluca,estandar,,X,REF-350838,
33,20578,,78.24324622,36.86808441,71.7610757,Puebla,premium,medio,X,REF-826901,
39,26062,158.3546881,,36.33330297,70.94616421,Guadalajara,estandar,alto,Y,REF-554857,
58,,164.8174673,76.23014692,36.98173098,77.42397004,Guadalajara,estandar,bajo,X,REF-211391,
60,9635,158.0641023,80.48815312,37.37372431,87.84696824,Puebla,basico,bajo,Y,REF-897595,0.925644621
36,34924,170.9051772,79.25372396,,69.1994437,CDMX,basico,alto,,REF-355855,
37,14055,157.6492306,73.71843973,,68.42846083,Puebla,basico,bajo,Z,REF-344295,
48,7693,174.4077932,67.56849441,,88.68627124,,,bajo,Y,REF-942647,
25,23492,,105.9981366,37.0311563,80.54367189,Puebla,estandar,alto,X,REF-797671,1.010781384
39,23769,162.9033458,68.67268628,36.79357688,,CDMX,basico,alto,Z,REF-873566,
35,7185,162.3785693,65.67771204,36.68711976,,CDMX,basico,bajo,Z,REF-695990,
39,20657,179.9263206,81.07613753,36.95303392,94.01483037,Toluca,,medio,X,REF-919435,
25,,170.9726095,78.52596181,36.7695587,80.8231394,Puebla,,alto,Y,REF-203743,
16,22534,166.0943958,55.33291833,37.02620382,,Puebla,,medio,Z,REF-639976,
15,26300,172.488475,90.71749556,36.92179829,73.95508411,Toluca,estandar,alto,Z,REF-364037,
22,7751,149.0352689,73.68127595,,76.15884007,Guadalajara,premium,bajo,Y,REF-458581,
29,21955,167.6117977,59.44696467,36.72557863,84.82880032,CDMX,basico,medio,Y,REF-314077,
31,,185.9776276,91.6429776,,,,estandar,medio,X,REF-284533,
58,13473,169.1911186,83.759458,,,Guadalajara,,bajo,X,REF-498274,
48,30347,168.6112185,,36.38948872,79.27546906,CDMX,basico,alto,Y,REF-926460,
23,,172.9331554,,37.19736867,74.80198503,Toluca,,alto,X,REF-671800,
,52825,176.0604472,84.22316316,36.67567164,82.86231019,CDMX,basico,alto,Z,REF-414416,
30,39617,150.0227998,74.85725438,36.8817082,,CDMX,,,X,REF-490077,
32,16853,,97.26306328,36.64330901,80.28554412,CDMX,estandar,medio,Z,REF-576849,
37,66355.08153,169.8926216,,,,CDMX,,alto,,REF-320082,
,,161.5661109,74.60683695,36.60384401,81.84182257,CDMX,estandar,alto,,REF-569086,
31,19357,179.8082274,65.75579838,37.10259791,77.66934088,Monterrey,,medio,X,REF-726290,
106,19469,165.1634305,83.14590615,,74.84939677,CDMX,estandar,medio,Z,REF-318850,
21,29507,150.5892234,,36.00098439,65.98178617,Monterrey,,alto,X,REF-626023,
,17371,156.5878747,,36.52466444,75.13601689,,estandar,,,REF-737531,
66,11621,143.2529158,63.94019105,37.22380283,,Monterrey,estandar,,Z,REF-567381,
38,14037,165.8928702,,36.5251711,74.57165792,Monterrey,basico,bajo,Z,REF-362765,
52,26330,166.3045429,74.022817,35.96983246,,Guadalajara,estandar,alto,Z,REF-598977,
,18032,164.1798356,,37.26256711,70.09303493,CDMX,premium,medio,Y,REF-813911,
42,,,54.39462708,36.83883738,78.41020357,CDMX,basico,medio,Y,REF-299710,
34,26908,178.7866785,82.9121473,36.5754955,71.51783203,,estandar,alto,Y,REF-617209,
33,14375,166.4665042,40,36.47000379,,Monterrey,,medio,Z,REF-712387,
26,,148.787757,77.87574738,36.97882318,82.27412513,,estandar,,X,REF-389345,
40,,173.5555342,68.30683719,36.41030581,86.66779816,Guadalajara,premium,medio,,REF-448750,
25,8580,172.9982421,,37.00188975,93.08271367,Puebla,,bajo,X,REF-899971,
43,42766,170.7845241,68.09144507,,87.95030469,Monterrey,premium,,Z,REF-427120,
48,13329,,84.232779,36.68563867,,Monterrey,basico,bajo,Y,REF-638408,-1.241402378
,6668,,,,65.15758664,Puebla,estandar,bajo,X,REF-234760,
32,9615,186.0787985,76.59247415,36.53876119,,Monterrey,estandar,bajo,Z,REF-933379,
40,9755,159.3651502,85.31571143,36.96597404,,Monterrey,estandar,bajo,Z,REF-637153,
,18572,174.7430063,68.52421997,36.29713001,62.34007928,CDMX,premium,medio,Z,REF-784326,
46,15273,,88.95176838,36.03232621,70.69969847,CDMX,,,Z,REF-642397,
,14706,159.6276178,61.08822972,36.81505404,,,estandar,medio,,REF-419939,
,26107,181.6473178,79.1242998,36.82093341,67.93782712,Monterrey,basico,alto,Z,REF-406270,-0.984652585
15,22072,,87.91695612,36.7680844,72.21052617,Guadalajara,estandar,medio,Z,REF-731087,
17,,175.5593034,,36.74270493,90.1414102,Monterrey,,medio,Y,REF-873864,
