ingreso_mensual,edad,temperatura_c,peso_kg,talla_cm,frecuencia_cardiaca,ciudad_CDMX,ciudad_Guadalajara,ciudad_Monterrey,ciudad_Puebla,ciudad_Toluca,tipo_servicio_basico,tipo_servicio_estandar,tipo_servicio_premium,nivel,codigo_serie,referencia
0.8232880225698898,-0.7,-0.14587467510202307,0.24745874042441635,-2.0904678708905164,0.0,0.0,1.0,0.0,0.0,0.0,0.0,0.0,1.0,2.0,1.0,REF-931711
-0.9575788663759939,1.1,-1.4325862912925296,1.3520011658290538,0.0,0.0,0.0,0.0,1.0,0.0,0.0,0.0,1.0,0.0,0.0,0.0,REF-621328
0.0,-0.2,0.41682308391125444,-0.781908119451418,-0.2701247087972597,-0.8985756330377566,1.0,0.0,0.0,0.0,0.0,0.0,1.0,0.0,1.0,0.0,REF-836665
-0.6089766606822262,0.0,1.5118179027108952e-14,1.5232545205877654,-1.5678634892491192,-0.4573364213894507,1.0,0.0,0.0,0.0,0.0,0.0,1.0,0.0,0.0,2.0,REF-634251
3.0817132598102077,-2.1,7.725796999811929,-0.5505608967477373,-0.3567239737492864,-0.1565712365741425,1.0,0.0,0.0,0.0,0.0,1.0,0.0,0.0,2.0,2.0,REF-891035
-0.40553988202103103,-0.3,-0.4324127250030907,-2.5163594026972502,-0.13714047397123155,0.0,0.0,0.0,1.0,0.0,0.0,1.0,0.0,0.0,1.0,0.0,REF-712387
0.0,-0.4,-0.9678690362820053,1.080913135571623e-15,1.4446146449438093,0.0,1.0,0.0,0.0,0.0,0.0,0.0,0.0,1.0,1.0,2.0,REF-199723
-0.9481405488586817,-0.5,0.4726534696121463,1.080913135571623e-15,-0.17953862337097,-0.508678584943312,0.0,0.0,0.0,0.0,1.0,0.0,1.0,0.0,0.0,2.0,REF-626778
2.0242113362400618,-0.9,-0.7549459197038274,0.3999081110678126,0.5122135468899023,0.0,1.0,0.0,0.0,0.0,0.0,1.0,0.0,0.0,2.0,0.0,REF-509291
0.3458322646832521,-2.1,-0.09277382362485692,0.2394975835689048,1.845147813429411,-1.0584942008070308,0.0,0.0,0.0,0.0,1.0,1.0,0.0,0.0,1.0,0.0,REF-997882
-0.5128494485765581,1.2,0.02639243283753165,0.8480963462444489,0.0,0.0,0.0,0.0,1.0,0.0,0.0,1.0,0.0,0.0,0.0,1.0,REF-638408
0.558194408822775,0.3,0.25605197342801345,-0.3354432049528632,-0.5237640900211117,0.0,1.0,0.0,0.0,0.0,0.0,1.0,0.0,0.0,2.0,0.0,REF-873566
0.5297768658630418,-1.1,0.7615484093143599,2.5036238568512754,0.0,0.31013296865545903,0.0,0.0,0.0,1.0,0.0,0.0,1.0,0.0,2.0,2.0,REF-797671
-0.8918184149781996,2.4,1.4904284954080194,0.563270740564059,-1.0488504350221888,1.0039571329452917,0.0,0.0,0.0,1.0,0.0,1.0,0.0,0.0,0.0,1.0,REF-897595
-0.2634521672223647,0.1,1.4719771495926124,0.22385714455194297,0.5756735761625448,0.0,0.0,1.0,0.0,0.0,0.0,1.0,0.0,0.0,1.0,0.0,REF-153566
-1.1575275711720954,-1.4,1.5118179027108952e-14,-1.3112768894695481,0.055214822223484374,-1.4867950279222362,1.0,0.0,0.0,0.0,0.0,0.0,1.0,0.0,0.0,2.0,REF-211617
0.0,-1.8,-0.08537808504886633,0.5483199602338285,-0.6114194968967827,0.0,0.0,0.0,0.0,1.0,0.0,0.0,0.0,1.0,1.0,0.0,REF-839541
-0.5290587330084637,0.1,-0.10912949669837507,3.249134362552515,1.136351746656883,1.2549636659371837,1.0,0.0,0.0,0.0,0.0,0.0,1.0,0.0,0.0,0.0,REF-993375
0.9417799435752757,0.5,0.23938361436418967,1.080913135571623e-15,1.4404947203140295,0.0,0.0,0.0,0.0,0.0,1.0,0.0,0.0,1.0,2.0,0.0,
-1.0000512952038985,-1.1,0.6992781305347789,1.080913135571623e-15,0.571591454979234,1.501360842628258,0.0,0.0,0.0,1.0,0.0,1.0,0.0,0.0,0.0,2.0,REF-899971
0.0,-2.1,1.5118179027108952e-14,-1.7504353961543628,0.0,-1.194892612609724,0.0,1.0,0.0,0.0,0.0,0.0,1.0,0.0,2.0,2.0,REF-159441
3.9112592972557065,1.1,1.0133465265355168,0.8439793767252829,-0.3396952246576228,0.0,1.0,0.0,0.0,0.0,0.0,0.0,1.0,0.0,2.0,1.0,REF-551922
0.0011284944857655808,0.7,1.0304101261379657,-1.1260218455208009,-1.5383794051449684,-0.22870171079000245,1.0,0.0,0.0,0.0,0.0,0.0,1.0,0.0,1.0,0.0,REF-493166
-0.5575788663759939,0.0,1.5401662277799215,-1.5494667494306107,0.006563880782398818,1.8462994256786003,1.0,0.0,0.0,0.0,0.0,0.0,1.0,0.0,0.0,1.0,REF-990494
0.11797896896640164,-1.7,0.21497927708973288,-0.7095221978295086,0.5591250089652587,0.10801406426377973,1.0,0.0,0.0,0.0,0.0,1.0,0.0,0.0,1.0,1.0,
-0.3765067966145165,-1.3,1.5118179027108952e-14,1.4539427052130578,0.647272034254413,0.8308221758309596,0.0,1.0,0.0,0.0,0.0,0.0,1.0,0.0,1.0,0.0,REF-367244
4.4766350346242625,0.0,0.6885045492072808,-1.1239238820418869,-0.860820052754231,-0.2721204835490775,0.0,1.0,0.0,0.0,0.0,1.0,0.0,0.0,2.0,2.0,REF-261032
0.17378815080789947,-1.3,0.22228137582880034,0.5340016935947701,0.17439504827733457,0.4430974075107514,1.0,0.0,0.0,0.0,0.0,0.0,0.0,1.0,1.0,0.0,REF-408083
-0.8795075660425751,0.4,0.6228604702958292,0.9304668941096169,-0.9076790956419079,0.0,0.0,0.0,1.0,0.0,0.0,0.0,1.0,0.0,0.0,0.0,REF-637153
-0.37199281867145423,0.0,0.2947138854623294,1.4145091358213364,-0.9328060721265095,-0.9082669135390817,1.0,0.0,0.0,0.0,0.0,1.0,0.0,0.0,1.0,1.0,REF-477593
0.0,1.4,-0.3859473230102285,-0.8553899640239827,-0.600005731469073,0.2658652111229347,1.0,0.0,0.0,0.0,0.0,1.0,0.0,0.0,1.0,0.0,REF-722475
-0.9933829186971018,0.0,0.13494860002122464,0.45274536855711156,1.4817758885466266,-0.16989802242120122,0.0,0.0,1.0,0.0,0.0,1.0,0.0,0.0,0.0,1.0,REF-723942
0.26222108232880226,-0.3,0.047378330948563745,-0.7237223219118241,-0.41651537602289057,0.9820134386472712,1.0,0.0,0.0,0.0,0.0,1.0,0.0,0.0,1.0,0.0,REF-614187
1.3422676891510645,-2.0,-0.08065356058912629,0.08715124642726922,0.2063157511364578,0.0,1.0,0.0,0.0,0.0,0.0,1.0,0.0,0.0,1.0,0.0,REF-854434
-0.5437291613234163,0.5,-0.5228497645976169,-0.6300509950117379,0.1755818638249226,0.31313357132524083,1.0,0.0,0.0,0.0,0.0,1.0,0.0,0.0,0.0,1.0,
-0.7680943831751731,1.3,0.15655210402777195,-2.0985976400567385,-0.7134242630668679,-0.03556586776015996,1.0,0.0,0.0,0.0,0.0,1.0,0.0,0.0,0.0,0.0,REF-954790
0.6368812516029752,0.2,-0.31538956759400266,1.042588039109788,0.6758104462651392,0.0,1.0,0.0,0.0,0.0,0.0,0.0,1.0,0.0,2.0,0.0,REF-655415
-0.9687612208258528,0.0,0.8874065417203622,0.6868688306733264,-1.2947711858023663,-0.29837728714645556,0.0,0.0,0.0,0.0,1.0,1.0,0.0,0.0,1.0,0.0,REF-944637
2.908745832264683,0.0,-0.4803056823738267,1.3480624913734394,1.3975853020870446,-0.09365072627107882,0.0,0.0,1.0,0.0,0.0,1.0,0.0,0.0,2.0,0.0,REF-461951
0.0,0.0,0.5206537053418321,1.9626025529642444,0.3935581420469495,-1.01734467491107,0.0,0.0,1.0,0.0,0.0,0.0,1.0,0.0,1.0,1.0,REF-277005
0.0,-0.9,-0.10542618051234802,1.3975956585195421,-0.20104701576557657,-1.2266546281752162,0.0,1.0,0.0,0.0,0.0,0.0,1.0,0.0,0.0,2.0,REF-228054
-0.5696845344960246,0.0,0.39502340646768375,-2.1759893694286996,1.4342247843446057,0.22553929224767666,1.0,0.0,0.0,0.0,0.0,1.0,0.0,0.0,1.0,0.0,REF-843892
-1.2760194921774815,0.9,0.4486734797376919,-1.249474155763981,-0.9789374420720197,3.3663982387570655,1.0,0.0,0.0,0.0,0.0,0.0,1.0,0.0,0.0,0.0,REF-246458
0.0,-1.9,0.14781200293061314,1.080913135571623e-15,0.8494816494570915,1.2219325784314283,0.0,0.0,1.0,0.0,0.0,1.0,0.0,0.0,1.0,1.0,REF-873864
2.1840471915875868,-0.6,0.4435685022163967,0.1349705056296545,-1.9213789901099863,0.0,1.0,0.0,0.0,0.0,0.0,1.0,0.0,0.0,1.0,2.0,REF-490077
-0.43836881251602977,0.1,1.5118179027108952e-14,0.04834941641046863,-1.093866451388668,-0.8408303479158911,0.0,0.0,0.0,1.0,0.0,1.0,0.0,0.0,0.0,0.0,REF-344295
0.0,-1.3,-0.08820234423371698,0.29642215609052824,0.43962642667737345,1.3490204824256875,0.0,0.0,0.0,0.0,1.0,1.0,0.0,0.0,2.0,0.0,REF-157513
-0.09817902026160553,0.0,-0.3161115581838741,1.080913135571623e-15,-1.209029800841189,-0.20360240936226856,1.0,0.0,0.0,0.0,0.0,0.0,1.0,0.0,1.0,0.0,REF-737531
10.458912675044884,0.0,0.060686485848634106,1.080913135571623e-15,0.2791594009360689,0.0,0.0,0.0,0.0,1.0,0.0,1.0,0.0,0.0,2.0,2.0,REF-749259
-0.3715824570402667,0.0,0.3017488095974053,-0.912335931405582,-0.8791998193324582,0.0,1.0,0.0,0.0,0.0,0.0,0.0,1.0,0.0,1.0,0.0,REF-419939
-0.9485509104898692,0.0,-0.19655850813020656,-0.37782143895068104,0.0,1.876527209645725,0.0,0.0,0.0,1.0,0.0,0.0,1.0,0.0,0.0,0.0,REF-412499
0.00615542446781226,-1.5,-0.8990417773929388,-1.0091466406296734,0.9240793943636454,0.22684423580722468,1.0,0.0,0.0,0.0,0.0,1.0,0.0,0.0,1.0,1.0,REF-384248
-0.804001025904078,0.0,0.4539073529945165,1.080913135571623e-15,0.20538775464989423,-0.808928896737546,0.0,0.0,1.0,0.0,0.0,1.0,0.0,0.0,0.0,0.0,REF-717515
1.945934855091049,-0.5,0.9627303116399523,-0.26366970359152175,0.923707186664394,0.0,1.0,0.0,0.0,0.0,0.0,1.0,0.0,0.0,2.0,0.0,REF-415260
0.0,2.2,0.6563864255762849,0.23939614433714237,-0.31607066390544425,0.013756589390814427,0.0,1.0,0.0,0.0,0.0,0.0,1.0,0.0,0.0,2.0,REF-211391
0.30233393177737883,0.0,1.5118179027108952e-14,-0.9877023202522982,0.0,-0.8775527855036414,1.0,0.0,0.0,0.0,0.0,1.0,0.0,0.0,1.0,1.0,REF-241974
0.0,0.9,-0.4955168685517119,-0.33702701331484924,-0.6663819754593442,-0.5441392562067382,1.0,0.0,0.0,0.0,0.0,1.0,0.0,0.0,2.0,0.0,REF-478910
-0.8912028725314183,-1.2,-0.42716974521361684,1.080913135571623e-15,1.0244028620175918,0.0,0.0,0.0,1.0,0.0,0.0,1.0,0.0,0.0,0.0,2.0,REF-479061
0.8209284431905617,1.6,-1.4966245353002043,0.07150111248406806,-0.15471422636633703,0.0,0.0,1.0,0.0,0.0,0.0,0.0,1.0,0.0,2.0,0.0,REF-598977
4.2407796870992565,0.6,-0.5371491060013839,1.5920572945274138,0.7135460331597056,-0.7508408898766626,1.0,0.0,0.0,0.0,0.0,1.0,0.0,0.0,2.0,0.0,REF-829808
-1.0549371633752245,1.8,-1.3538877425015727,-0.9867300711233806,1.2487308136838526,-0.07457674346558779,0.0,0.0,1.0,0.0,0.0,0.0,1.0,0.0,1.0,2.0,REF-756919
-1.6734547319825597,2.0,1.5118179027108952e-14,0.9940479181013302,0.0,0.13154167119860988,0.0,0.0,0.0,0.0,1.0,1.0,0.0,0.0,0.0,0.0,REF-222943
0.11736342651962041,0.4,1.5118179027108952e-14,1.080913135571623e-15,0.579357828007426,0.0,1.0,0.0,0.0,0.0,0.0,1.0,0.0,0.0,1.0,2.0,REF-178071
3.4084637086432417,0.8,-0.41814983100686787,1.6499779480804282,-1.6633174845469438,0.8974240297072132,1.0,0.0,0.0,0.0,0.0,0.0,1.0,0.0,2.0,0.0,REF-309863
0.24631956912028724,0.4,1.585156605529619,-0.7388379821624951,-0.22765227627624665,-1.3269627310220864,1.0,0.0,0.0,0.0,0.0,0.0,1.0,0.0,1.0,0.0,REF-887170
-0.7048986919723006,2.0,-1.0384192596595392,0.6517800942742676,1.8973543295995157,-2.281909265792887,0.0,0.0,0.0,1.0,0.0,1.0,0.0,0.0,0.0,1.0,REF-833827
0.23082841754295974,-0.3,0.41458123855415435,0.39251750967291604,0.0,-0.5242269107463696,0.0,0.0,0.0,1.0,0.0,0.0,0.0,1.0,1.0,2.0,REF-826901
-1.0248781738907413,0.0,-0.4175985453503281,1.3007011748186688,1.2874867464142596,-0.14512834107456174,0.0,0.0,1.0,0.0,0.0,0.0,1.0,0.0,0.0,0.0,REF-141904
0.0,0.0,0.9459247375549512,-0.47959510231237246,-0.7499218738943003,-1.1358997819392207,1.0,0.0,0.0,0.0,0.0,1.0,0.0,0.0,1.0,1.0,REF-458023
-1.1431649140805336,-0.1,0.02954373995085918,-0.5632484328292366,-0.580705422757821,0.0,1.0,0.0,0.0,0.0,0.0,1.0,0.0,0.0,0.0,0.0,REF-695990
0.4615542446781226,0.6,0.32937730624641376,-0.5373347096212132,-0.21769927117596802,0.5308440006055511,0.0,1.0,0.0,0.0,0.0,1.0,0.0,0.0,2.0,2.0,REF-223219
0.6567837907155681,0.1,0.05002337442191,-1.0914868053292501,-2.8570652011516215,0.48408137997936834,1.0,0.0,0.0,0.0,0.0,0.0,1.0,0.0,2.0,0.0,REF-714060
-0.7421390100025648,-0.6,-0.7506856156398624,0.4472607564975921,-0.13181763152217954,-1.0641000497722612,1.0,0.0,0.0,0.0,0.0,1.0,0.0,0.0,0.0,0.0,REF-945306
-1.2089253654783279,0.0,1.5118179027108952e-14,-0.27164528265764165,-0.1208287967978513,1.4429723877992429,1.0,0.0,0.0,0.0,0.0,1.0,0.0,0.0,0.0,0.0,REF-414632
-0.13716337522441652,0.0,1.5118179027108952e-14,-0.26801766351355555,1.2762921194494874,0.0,1.0,0.0,0.0,0.0,0.0,1.0,0.0,0.0,1.0,1.0,REF-896261
0.5856886381123365,-0.6,1.5118179027108952e-14,1.080913135571623e-15,0.3860498393892472,0.0,0.0,0.0,1.0,0.0,0.0,1.0,0.0,0.0,2.0,0.0,REF-485104
1.1342395486022057,-0.7,-0.5576086124820386,-1.0553008802995376,-1.2622785050795495,-1.3596217508231005,0.0,1.0,0.0,0.0,0.0,1.0,0.0,0.0,1.0,1.0,REF-495793
-0.6769941010515517,-0.3,-0.8998767911170376,-1.3257748788652817,-0.22138347961849908,0.6839371356547131,0.0,0.0,1.0,0.0,0.0,0.0,0.0,1.0,0.0,0.0,REF-523209
-0.6880738650936138,3.0,1.171441380266442,-0.6954086229839718,-2.6559511697577474,0.0,0.0,0.0,1.0,0.0,0.0,0.0,1.0,0.0,1.0,0.0,REF-567381
-0.4491408053347012,0.4,-0.4791665572684518,-0.028761888779305005,0.3197881124982956,1.977542001157796,1.0,0.0,0.0,0.0,0.0,1.0,0.0,0.0,0.0,2.0,REF-555949
0.4629905103872788,0.8,-0.714341614042642,-0.011850506999383151,-0.6166557299572856,-1.7887505892289046,1.0,0.0,0.0,0.0,0.0,1.0,0.0,0.0,2.0,0.0,REF-929766
-0.8759169017696845,-1.9,0.3142854411786004,-1.233548347741712,-0.3369004822658313,-0.245256436014694,1.0,0.0,0.0,0.0,0.0,1.0,0.0,0.0,1.0,0.0,REF-928108
0.0,-0.8,-0.6791572698031443,-0.636203067678013,0.994627331136137,0.17406989127454836,0.0,0.0,0.0,0.0,1.0,1.0,0.0,0.0,1.0,0.0,REF-632302
0.246524749935881,-0.5,-0.7501997991444549,-0.08597889346997814,1.3022530286785647,1.5499750302889428,0.0,0.0,0.0,0.0,1.0,1.0,0.0,0.0,1.0,2.0,REF-452553
2.8322133880482174,2.0,0.3070817057583432,0.3921145381546145,0.0,0.0,0.0,0.0,0.0,1.0,0.0,1.0,0.0,0.0,2.0,0.0,REF-716095
0.0,-1.3,0.5350628570610549,1.080913135571623e-15,0.8549117825142614,-0.11330653251015006,0.0,1.0,0.0,0.0,0.0,0.0,0.0,1.0,1.0,2.0,REF-553380
0.0,0.0,-1.5428000176343992,1.080913135571623e-15,-0.7521962004136755,-1.3892732803450258,0.0,0.0,0.0,1.0,0.0,0.0,1.0,0.0,1.0,0.0,REF-858372
-0.6070274429340856,1.5,1.5118179027108952e-14,0.8362866664900978,-0.5011822056136267,-0.5175454262107257,0.0,0.0,0.0,0.0,1.0,1.0,0.0,0.0,0.0,1.0,REF-413083
0.0,-2.1,-0.1286535409954607,0.9656294522073444,-0.1297290019554039,-0.6748831640220416,0.0,0.0,0.0,1.0,0.0,0.0,0.0,1.0,2.0,1.0,REF-758233
2.4069761477301874,0.8,-1.1828634209456348,1.598158207556247,-0.7151963267465296,1.7964250135680613,1.0,0.0,0.0,0.0,0.0,1.0,0.0,0.0,2.0,2.0,REF-867825
-0.02698127725057707,-2.1,-0.5542961963377692,0.20589936183318658,-0.2886590853952113,-0.15854402838249174,1.0,0.0,0.0,0.0,0.0,0.0,0.0,1.0,1.0,1.0,REF-839931
0.0,-1.3,-0.9696920236910292,-0.009441816798939996,0.46355208037905,1.3220873944456262,0.0,1.0,0.0,0.0,0.0,1.0,0.0,0.0,1.0,1.0,REF-135062
-0.5308027699410105,-0.8,1.341702285019726,-0.004740440837924274,0.6278459238329563,-3.3837054241778697,1.0,0.0,0.0,0.0,0.0,1.0,0.0,0.0,0.0,1.0,REF-494937
2.2938189279302383,0.0,0.694232345475734,0.13741077317693712,-0.39950652690850375,0.0,1.0,0.0,0.0,0.0,0.0,0.0,0.0,1.0,2.0,2.0,REF-938901
0.26365734803795843,-0.8,-0.523119407327273,-1.8997072497787968,-2.393290176154032,0.0,0.0,0.0,1.0,0.0,0.0,1.0,0.0,0.0,1.0,0.0,REF-692934
0.32582713516286227,2.5,-1.628636556084197,0.509492155633933,-0.19466357180146546,2.339387613023913,0.0,0.0,1.0,0.0,0.0,1.0,0.0,0.0,1.0,0.0,REF-280738
0.0,0.0,0.09181401873042504,0.5595045583638766,0.0,0.2951394744576176,0.0,1.0,0.0,0.0,0.0,1.0,0.0,0.0,1.0,0.0,REF-482366
0.0,0.0,-1.3326882664121371,1.080913135571623e-15,0.8341273304597524,0.19578187499530542,0.0,0.0,0.0,0.0,1.0,0.0,1.0,0.0,1.0,0.0,REF-158694
-0.5394203641959476,0.8,1.5118179027108952e-14,0.20275408922918797,0.7031762786989363,0.0,0.0,1.0,0.0,0.0,0.0,1.0,0.0,0.0,0.0,1.0,REF-356957
0.4867914849961529,-0.4,1.5118179027108952e-14,-0.8222528430508758,1.5101367523958835,0.0,0.0,0.0,0.0,1.0,0.0,1.0,0.0,0.0,2.0,0.0,REF-109678
0.0,0.0,-0.18355976257082876,-0.1729293599356715,-1.232338500994432,-0.893898131205463,1.0,0.0,0.0,0.0,0.0,0.0,0.0,1.0,0.0,1.0,REF-508752
-0.8138497050525776,0.0,-0.6393221044429432,0.7914523888218886,-1.1380784066777603,-0.3895987028869424,0.0,0.0,0.0,0.0,1.0,1.0,0.0,0.0,1.0,2.0,REF-969876
-1.023441908181585,-1.4,0.5672812163820643,0.4669436070500538,1.985785683680646,0.0,1.0,0.0,0.0,0.0,0.0,0.0,0.0,1.0,1.0,0.0,REF-464716
0.7342395486022056,0.2,0.34869777272946734,0.9463973548750061,-2.3641533759498996,0.45835837085334796,1.0,0.0,0.0,0.0,0.0,1.0,0.0,0.0,2.0,0.0,REF-815085
0.3493203385483457,-0.3,0.43278006958097176,-0.47282188577741274,0.0,-1.5629961989403496,0.0,0.0,0.0,0.0,1.0,1.0,0.0,0.0,1.0,1.0,REF-411558
-0.1284431905616825,0.1,-0.6060609194716564,-1.1348934309477985,0.11786774140368216,-1.0155916006896544,0.0,0.0,0.0,1.0,0.0,0.0,0.0,1.0,1.0,0.0,
4.4476019492177485,-1.3,0.8131431296541128,0.036505800611154535,-0.21938550670936943,-0.37414635425704895,0.0,0.0,0.0,1.0,0.0,1.0,0.0,0.0,1.0,0.0,REF-444436
1.2775583482944344,-0.4,-0.47953820167458844,-0.29039680798801476,0.7654321531853434,0.6491054142727676,1.0,0.0,0.0,0.0,0.0,1.0,0.0,0.0,2.0,0.0,REF-345239
0.0,-0.8,0.011212162061385115,-0.10595778687835926,0.7107078667171745,0.4316120510873116,0.0,0.0,0.0,1.0,0.0,0.0,0.0,1.0,1.0,0.0,REF-756638
-0.9321364452423698,-0.3,0.053567219901809196,0.7878805714096154,-0.17003183782653328,0.134171261630401,0.0,0.0,0.0,1.0,0.0,1.0,0.0,0.0,0.0,1.0,REF-125905
5.212721210566812,-0.8,0.0018412846394776526,0.3771968488149726,-1.3937193740563443,0.0,1.0,0.0,0.0,0.0,0.0,1.0,0.0,0.0,2.0,0.0,REF-825026
0.0,1.0,-1.9307136060616508,-0.790881134222053,0.0,0.7127577981407187,0.0,0.0,0.0,1.0,0.0,1.0,0.0,0.0,2.0,0.0,REF-540038
0.0,0.0,0.2932345419992291,-0.627287232131065,0.38687586205551616,0.04449848161687466,1.0,0.0,0.0,0.0,0.0,0.0,0.0,1.0,2.0,1.0,REF-890779
0.0,0.0,-1.1141715685373992,-0.08245460066827624,-1.1271110886682265,0.0,0.0,0.0,0.0,1.0,0.0,0.0,1.0,0.0,0.0,1.0,REF-244888
4.455356782764811,0.6,1.5118179027108952e-14,0.7239042452814677,-0.865097213245885,0.0,0.0,0.0,0.0,1.0,0.0,0.0,1.0,0.0,2.0,2.0,REF-492621
-0.09571685047448064,7.2,-0.747139238203457,1.080913135571623e-15,0.7934628879132487,-1.0694737160027343,0.0,0.0,1.0,0.0,0.0,1.0,0.0,0.0,1.0,2.0,REF-402945
0.1577840471915876,1.7,-0.7056844292018902,1.080913135571623e-15,-0.37284225005301774,0.0,0.0,0.0,1.0,0.0,0.0,1.0,0.0,0.0,1.0,2.0,REF-313559
0.4382662221082329,-2.1,1.5118179027108952e-14,0.8322022327052695,-1.4969863565057886,0.0,0.0,0.0,1.0,0.0,0.0,0.0,1.0,0.0,1.0,1.0,REF-167498
0.0,2.0,0.711705590108889,-1.82649275956906,0.2808523204313038,-0.7300597404283128,0.0,0.0,0.0,0.0,1.0,0.0,1.0,0.0,1.0,0.0,REF-876328
0.052218517568607334,0.0,0.4541607188609038,2.276603673079028,-0.5500580471795511,0.0,0.0,0.0,0.0,1.0,0.0,1.0,0.0,0.0,1.0,0.0,REF-210673
1.8180046165683508,0.5,-0.8692451174489048,1.8541315606237596,-0.05223931509521281,-2.5476744920063115,0.0,0.0,0.0,1.0,0.0,0.0,1.0,0.0,2.0,0.0,REF-369433
-0.04729417799435753,1.2,1.5118179027108952e-14,-1.5058137003279617,0.6177747992383457,2.0953539541420394,0.0,1.0,0.0,0.0,0.0,0.0,0.0,1.0,1.0,1.0,REF-878272
3.509310079507566,0.3,-0.061343541086290226,1.080913135571623e-15,-0.5797262114987777,0.0,0.0,0.0,1.0,0.0,0.0,1.0,0.0,0.0,2.0,1.0,REF-323568
0.3563990766863298,0.0,-0.1173211206957837,-1.5739992209957978,-1.5334327742619178,1.4735180772115508,0.0,0.0,0.0,0.0,1.0,0.0,1.0,0.0,1.0,2.0,
0.0,-1.1,1.5118179027108952e-14,-1.198458708480779,0.25072138941046673,-1.9548836312223365,1.0,0.0,0.0,0.0,0.0,1.0,0.0,0.0,1.0,0.0,REF-822380
0.1170556552962298,7.0,1.5118179027108952e-14,0.765426080183365,-0.2785316245508682,-0.23083175289392577,1.0,0.0,0.0,0.0,0.0,0.0,1.0,0.0,1.0,0.0,REF-318850
-0.45816876122082584,0.0,0.6490856460078234,0.3980183055505417,-0.6060569412978803,0.0,0.0,1.0,0.0,0.0,0.0,1.0,0.0,0.0,1.0,1.0,REF-865149
-0.7053090536034881,0.6,-0.18149368606005745,0.17716052449268266,1.317338947546215,0.0,0.0,0.0,1.0,0.0,0.0,0.0,1.0,0.0,1.0,1.0,REF-507016
-0.2023082841754296,0.0,-0.22677917504311781,-2.350604483596793,-1.3360751619696607,-1.1446809356467673,1.0,0.0,0.0,0.0,0.0,1.0,0.0,0.0,1.0,2.0,REF-199809
2.5305975891254167,0.0,0.7818336363348544,-0.07117411510833495,0.032960072175230205,0.0,0.0,1.0,0.0,0.0,0.0,0.0,1.0,0.0,2.0,2.0,REF-763435
0.5359322903308541,0.0,-0.5458704621095943,1.8394609831338433,-0.06688489542538606,1.7485106336133742,1.0,0.0,0.0,0.0,0.0,0.0,1.0,0.0,1.0,0.0,REF-219146
-0.909771736342652,-0.5,0.4189889492961781,-1.3681724700087037,0.5367288540621336,0.0,0.0,0.0,1.0,0.0,0.0,1.0,0.0,0.0,0.0,0.0,REF-467664
1.7531674788407283,-0.3,-0.7560383631908977,1.7190676716041327,-0.9485611901208723,-0.9132256511846074,1.0,0.0,0.0,0.0,0.0,1.0,0.0,0.0,1.0,2.0,REF-918370
-0.7000769428058476,0.0,0.459599318886819,-1.9336763408547275,-1.1230803124644457,2.7215991987495127,0.0,0.0,0.0,0.0,1.0,0.0,1.0,0.0,0.0,0.0,REF-593573
1.4880738650936138,-0.3,-1.9261722973791577,-1.1066782162235873,1.0051575874855823,-1.2739315660636503,1.0,0.0,0.0,0.0,0.0,1.0,0.0,0.0,2.0,0.0,REF-596214
-0.4481149012567325,0.5,-0.348851840976725,0.7124793603898124,0.1063894800845228,1.1783367238120523,1.0,0.0,0.0,0.0,0.0,1.0,0.0,0.0,0.0,1.0,REF-375832
-0.8862785329571685,1.3,1.5118179027108952e-14,1.2413511753041206,2.7725957485466575,1.2896870894004344,0.0,0.0,0.0,0.0,1.0,1.0,0.0,0.0,0.0,2.0,REF-213617
-0.0011284944857655808,-0.5,-0.8780241553562497,-2.0240980480496824,2.284938016472284,0.0,1.0,0.0,0.0,0.0,0.0,0.0,1.0,0.0,1.0,0.0,
0.6984354962810977,0.4,-1.203539760777344,-0.08837603510105861,-1.059229564390462,-1.0714571413298386,1.0,0.0,0.0,0.0,0.0,1.0,0.0,0.0,2.0,1.0,REF-517333
-0.966196460630931,0.4,-0.6752865253333986,0.007366592329221805,-0.4508748677544619,0.0,0.0,0.0,1.0,0.0,0.0,1.0,0.0,0.0,0.0,1.0,REF-114324
1.4591433700948961,-0.7,1.5118179027108952e-14,-1.291858702188667,0.26064567300592273,0.0,1.0,0.0,0.0,0.0,0.0,0.0,1.0,0.0,2.0,2.0,REF-189103
0.0,1.5,-0.24095542931747455,-0.16285320160126526,-0.7612533593178286,-0.42403803574165333,0.0,0.0,1.0,0.0,0.0,1.0,0.0,0.0,0.0,1.0,REF-516741
-1.4007694280584766,0.0,0.25444907474269457,0.2208156622715797,-0.4416726798992488,0.0,1.0,0.0,0.0,0.0,0.0,1.0,0.0,0.0,0.0,1.0,REF-357332
0.8679148499615286,0.3,-0.3017835354576439,1.080913135571623e-15,-0.046289569109095215,0.2312135242481501,1.0,0.0,0.0,0.0,0.0,1.0,0.0,0.0,2.0,2.0,REF-379001
-0.7826622210823289,-0.9,0.2695288757824386,0.24680684676889178,0.3813896640133011,-1.5683078329863671,0.0,0.0,1.0,0.0,0.0,1.0,0.0,0.0,0.0,1.0,REF-398991
-0.18999743523980508,0.0,0.9983723016990819,-1.9003340405274742,0.4106266042884572,1.3207825164371179,0.0,0.0,0.0,1.0,0.0,0.0,1.0,0.0,1.0,0.0,REF-365711
0.44996152859707617,0.1,-0.3160405995708155,1.080913135571623e-15,1.4793545257175258,0.06306829712119433,0.0,0.0,1.0,0.0,0.0,1.0,0.0,0.0,2.0,0.0,REF-492091
0.5412669915362913,0.4,1.5118179027108952e-14,-0.1807661797044464,1.1279176935842095,0.6089200662783791,1.0,0.0,0.0,0.0,0.0,1.0,0.0,0.0,2.0,0.0,REF-797881
-0.43375224416517055,-2.1,0.3420480464147658,1.080913135571623e-15,-1.0318381245704233,1.1810496742667729,0.0,1.0,0.0,0.0,0.0,1.0,0.0,0.0,1.0,1.0,REF-635231
-1.211182354449859,2.3,1.4237803361639365,1.080913135571623e-15,-1.2602744775426578,0.0,0.0,0.0,1.0,0.0,0.0,0.0,1.0,0.0,0.0,0.0,REF-332452
0.0,-0.1,1.5118179027108952e-14,1.316329700926894,0.0,-0.3082167528994912,0.0,0.0,1.0,0.0,0.0,0.0,1.0,0.0,1.0,0.0,REF-115939
-0.4377532700692485,-1.2,-0.8578277170291079,0.018928179027599457,0.4912474885542408,0.013907493585675532,1.0,0.0,0.0,0.0,0.0,1.0,0.0,0.0,1.0,1.0,REF-352476
0.0,0.3,-1.3919275379279432,-1.0648523382120285,-0.5005835678567095,2.0307447730396473,0.0,0.0,1.0,0.0,0.0,1.0,0.0,0.0,2.0,0.0,REF-260902
-0.5801487560913055,5.7,0.68054031192588,-1.5166578655271383,0.35776612321633533,-0.09867983723343537,0.0,0.0,1.0,0.0,0.0,1.0,0.0,0.0,0.0,1.0,REF-512005
0.0,0.0,0.07414019633253734,-2.1500669408675606,0.4806277582611726,-0.12279921425969804,0.0,0.0,1.0,0.0,0.0,1.0,0.0,0.0,1.0,2.0,REF-565754
0.0,1.1,0.027882733927522038,2.560585716731608,-0.00838182679499341,0.5122270624533917,1.0,0.0,0.0,0.0,0.0,1.0,0.0,0.0,2.0,0.0,REF-801223
-1.0220056424724289,-1.1,-0.5853955798207318,-0.9373886750339399,0.9288052266438909,1.7025601381256763,0.0,1.0,0.0,0.0,0.0,1.0,0.0,0.0,1.0,0.0,REF-472588
0.9330597589125417,1.9,1.5118179027108952e-14,0.11299532072537084,-1.0671899025188474,0.32478985446130065,1.0,0.0,0.0,0.0,0.0,0.0,1.0,0.0,1.0,0.0,REF-469026
1.0644780713003335,0.0,0.09141424620240729,1.080913135571623e-15,0.785587846252342,2.8821294213757938,0.0,1.0,0.0,0.0,0.0,1.0,0.0,0.0,2.0,2.0,REF-509321
0.30756604257501924,-2.1,-1.3340493526124353,-0.46860091600211273,-0.3732328277967222,-0.9127446576012043,0.0,1.0,0.0,0.0,0.0,1.0,0.0,0.0,1.0,2.0,REF-267837
-0.817542959733265,0.0,-1.1076040776168545,-1.2883482679744507,-0.5564342103995238,0.648681073888455,0.0,1.0,0.0,0.0,0.0,0.0,1.0,0.0,0.0,0.0,REF-126464
-0.1199281867145422,-1.7,-0.8186127959056492,0.6169869413136285,-2.006276069165145,-1.8779879127317043,0.0,0.0,1.0,0.0,0.0,1.0,0.0,0.0,1.0,1.0,REF-494565
2.974814054885868,0.0,1.5118179027108952e-14,-0.2628719159761599,0.849772239037993,-1.0526817131124304,0.0,0.0,0.0,0.0,1.0,0.0,1.0,0.0,2.0,0.0,REF-887406
0.20600153885611697,-0.6,1.5118179027108952e-14,-1.0931260670568002,-1.0175752770092714,1.0120548125560556,1.0,0.0,0.0,0.0,0.0,1.0,0.0,0.0,1.0,0.0,REF-273002
0.0,0.5,0.6518635001746528,-0.9517567040423179,1.7281111100639452,0.0,1.0,0.0,0.0,0.0,0.0,1.0,0.0,0.0,0.0,0.0,REF-428627
1.3477301872274943,-1.4,0.43201531233074936,-0.007816733121373898,-0.08353793207806949,0.31712039034634903,1.0,0.0,0.0,0.0,0.0,1.0,0.0,0.0,2.0,1.0,REF-498859
0.0,0.0,-0.9582893043635814,-1.5558979265947008,-1.834137392085625,-1.5801722074248508,1.0,0.0,0.0,0.0,0.0,1.0,0.0,0.0,1.0,0.0,REF-798152
-1.302590407796871,0.0,-0.9567917478351826,-0.26481963167774064,-0.5190650261399573,-0.6509247604004372,1.0,0.0,0.0,0.0,0.0,1.0,0.0,0.0,0.0,2.0,REF-524460
-0.4780713003334188,1.0,0.29907148899782005,1.237241580804946,2.257387951915187,-0.3148135948918525,1.0,0.0,0.0,0.0,0.0,1.0,0.0,0.0,0.0,2.0,REF-152070
0.0,0.0,-1.5830973820805565,-0.47824364511137646,0.3781941334750694,-0.8170464563638064,1.0,0.0,0.0,0.0,0.0,0.0,1.0,0.0,1.0,0.0,REF-486167
2.491408053347012,0.7,-0.887929701140303,0.11037335888141486,0.0,-1.2821952085582564,0.0,1.0,0.0,0.0,0.0,0.0,0.0,1.0,2.0,0.0,REF-136528
0.02390356501667094,0.8,1.5118179027108952e-14,0.731724976310261,0.45170418294984915,1.4874041863351093,1.0,0.0,0.0,0.0,0.0,0.0,0.0,1.0,1.0,1.0,REF-812375
1.475865606565786,1.8,-0.3705046862197664,0.8532817124561767,-0.1689307093675716,-0.24411312517026681,1.0,0.0,0.0,0.0,0.0,0.0,1.0,0.0,2.0,0.0,REF-683199
0.0,0.2,0.28258277118441455,-0.9996962332695697,-1.3475103790086411,-1.2840677718759728,0.0,0.0,0.0,1.0,0.0,1.0,0.0,0.0,1.0,2.0,REF-946548
-0.5744036932546807,-0.5,-0.12289240375351392,0.195405983952994,0.03228849676987522,0.5495377113760979,1.0,0.0,0.0,0.0,0.0,1.0,0.0,0.0,0.0,1.0,REF-694105
0.0,0.4,-1.7840487274252792,-0.5909947998252207,0.4844999639808291,0.0,1.0,0.0,0.0,0.0,0.0,0.0,0.0,1.0,0.0,1.0,REF-115143
2.468325211592716,0.0,0.08545280779601132,1.257284343894507,-0.4659622840031725,0.0,0.0,0.0,1.0,0.0,0.0,1.0,0.0,0.0,2.0,2.0,REF-346806
0.8267760964349833,1.3,0.2784161069573725,-0.5233085883955784,1.4667528705340787,0.0,0.0,0.0,0.0,1.0,0.0,1.0,0.0,0.0,2.0,1.0,REF-100833
0.22344190818158502,0.0,0.5886298438590936,-0.0953177308339558,0.7538832762434486,0.0,0.0,0.0,1.0,0.0,0.0,1.0,0.0,0.0,1.0,1.0,REF-348098
0.5363426519620416,-1.7,-0.456052964612628,0.40711754756103585,0.527195419475066,0.0,1.0,0.0,0.0,0.0,0.0,0.0,1.0,0.0,2.0,1.0,REF-240407
0.025032059502436522,0.0,-0.8002353236448566,-0.3467359236446647,0.760908619256403,-1.4192357745019824,1.0,0.0,0.0,0.0,0.0,0.0,0.0,1.0,1.0,0.0,REF-784326
-0.020928443190561682,-1.1,0.15424598101846212,-0.334839922080409,0.0,-0.6339419536320616,0.0,0.0,1.0,0.0,0.0,1.0,0.0,0.0,1.0,2.0,REF-926424
0.0,0.0,0.2945636063966245,-2.3304017458574107,-0.0707429736802633,-2.0990112003873174,0.0,0.0,0.0,1.0,0.0,1.0,0.0,0.0,0.0,1.0,REF-274413
0.6747371120800205,-0.6,-0.01195951665550967,1.3513222737891852,-0.2345679415518571,1.5281503823801972,1.0,0.0,0.0,0.0,0.0,0.0,0.0,1.0,2.0,2.0,REF-200228
0.7980507822518594,0.0,0.31425831307316243,0.459532647527055,1.5100669722683768,-0.8874412900849267,0.0,0.0,1.0,0.0,0.0,1.0,0.0,0.0,2.0,0.0,REF-406270
4.92711787945627,0.1,1.5118179027108952e-14,1.080913135571623e-15,0.23461338861299158,0.0,1.0,0.0,0.0,0.0,0.0,1.0,0.0,0.0,2.0,0.0,REF-320082
-0.4322133880482175,0.0,1.5118179027108952e-14,0.7169173288711214,0.295505344264426,1.5155183311586273,1.0,0.0,0.0,0.0,0.0,0.0,1.0,0.0,1.0,0.0,REF-104691
0.294229289561426,0.1,-0.8491844898645606,-1.528717924015586,0.0,-0.1792396764739287,1.0,0.0,0.0,0.0,0.0,0.0,1.0,0.0,1.0,0.0,REF-411765
1.1688125160297511,-2.1,-0.026983274220933273,-1.1842646404947068,1.9177044000890227,-1.4213791567176137,1.0,0.0,0.0,0.0,0.0,1.0,0.0,0.0,2.0,0.0,REF-516208
-1.4412926391382406,0.0,-0.6046614496617693,1.007441149126419,0.1448258196139348,-1.220243861835889,0.0,0.0,1.0,0.0,0.0,1.0,0.0,0.0,0.0,1.0,REF-490599
-1.1030520646319568,0.6,0.4327406646780076,1.6601935921090547,-2.7705779034108744,-0.7604444944365645,0.0,0.0,1.0,0.0,0.0,1.0,0.0,0.0,0.0,1.0,REF-833296
6.644370351372147,-2.1,0.38891683801638394,1.5012891310122207,0.9693388436582302,0.0,1.0,0.0,0.0,0.0,0.0,1.0,0.0,0.0,2.0,2.0,REF-755733
0.0,0.0,1.5118179027108952e-14,-0.13786901766783052,-1.7980905797619098,-2.669503615093335,0.0,0.0,1.0,0.0,0.0,0.0,1.0,0.0,0.0,0.0,REF-285280
-0.053039240830982305,0.0,0.01875873290364756,-0.9461055143473601,0.8638986296121233,0.0,0.0,0.0,1.0,0.0,0.0,0.0,1.0,0.0,1.0,0.0,REF-220500
0.5279302385226982,-0.3,-1.633398251367626,1.7030536539007122,-0.18366414690384378,0.5321208778696869,1.0,0.0,0.0,0.0,0.0,1.0,0.0,0.0,2.0,0.0,REF-534283
3.5495255193639395,-0.4,-2.2131658654053328,1.080913135571623e-15,0.6291203795748961,0.0,0.0,0.0,0.0,0.0,1.0,0.0,1.0,0.0,2.0,0.0,REF-708807
1.262785329571685,1.5,1.5118179027108952e-14,-0.536213770474961,-0.6783681744754215,-0.22381741252583542,1.0,0.0,0.0,0.0,0.0,0.0,1.0,0.0,2.0,0.0,REF-455356
0.0,0.0,1.0143424365210854,-1.341761875365608,-0.21875515268551193,-1.0692036039160355,1.0,0.0,0.0,0.0,0.0,0.0,0.0,1.0,1.0,1.0,REF-959843
-0.3134136958194409,1.0,-1.3636569243422616,1.2070344755610776,0.0,-0.625059347814463,1.0,0.0,0.0,0.0,0.0,1.0,0.0,0.0,1.0,0.0,REF-642397
0.1033085406514491,-0.3,1.5118179027108952e-14,-1.1617484762722747,-1.3288250164871511,-0.15279723138040677,1.0,0.0,0.0,0.0,0.0,1.0,0.0,0.0,1.0,0.0,REF-708706
3.330700179533214,0.0,0.17680524541452208,-1.6200919892351056,0.19498024014500617,-1.690237005011175,0.0,0.0,1.0,0.0,0.0,1.0,0.0,0.0,2.0,1.0,REF-924370
0.045447550654013846,0.0,-0.16835868294203601,1.0682496539224675,0.6685624709001085,0.0,0.0,0.0,0.0,1.0,0.0,1.0,0.0,0.0,1.0,1.0,REF-857452
-0.755475763016158,-0.2,1.126809050954749,1.080913135571623e-15,1.4492096950942404,-1.251401842615305,1.0,0.0,0.0,0.0,0.0,1.0,0.0,0.0,0.0,0.0,REF-345645
-0.3940497563477815,0.0,-0.9754753315101377,1.0743292017556996,-1.4499852902797623,-0.5005132148582959,1.0,0.0,0.0,0.0,0.0,1.0,0.0,0.0,1.0,2.0,REF-602196
0.29525519363939473,0.3,0.6257338579477171,1.7200103742549584,2.676439134312956,0.022307895500662856,0.0,0.0,1.0,0.0,0.0,1.0,0.0,0.0,1.0,2.0,REF-297734
0.0,-0.1,0.052128749450909485,-1.956058245637309,0.8149582596029888,-1.1648965914706926,0.0,0.0,0.0,1.0,0.0,1.0,0.0,0.0,0.0,1.0,REF-738470
-0.4027699410105155,0.0,7.389272085784704,-0.8314647024381195,0.6642553627872555,-0.18586658264341144,1.0,0.0,0.0,0.0,0.0,1.0,0.0,0.0,1.0,1.0,REF-455608
-0.9545011541420877,-0.4,0.5858481598420842,1.1128015138103664,2.2749231413227053,0.24100155333488224,0.0,0.0,0.0,1.0,0.0,1.0,0.0,0.0,1.0,0.0,REF-682061
-0.4642215952808412,0.0,-0.8962949875664633,-0.10618397165248265,-0.8098072748064687,1.170766118265993,0.0,0.0,0.0,1.0,0.0,0.0,1.0,0.0,0.0,0.0,REF-406327
0.4527314696075917,1.8,1.5118179027108952e-14,1.080913135571623e-15,-0.18287999665431712,-0.9773623584388053,0.0,0.0,0.0,0.0,1.0,1.0,0.0,0.0,2.0,0.0,REF-982643
-1.2265709156193896,0.3,-1.4286693758511517,0.14795715901332132,0.0,-2.123937951526667,1.0,0.0,0.0,0.0,0.0,0.0,0.0,1.0,0.0,2.0,REF-530643
0.390459092074891,0.5,0.6933182453453931,1.4468164065534919,0.0075266751027237115,0.0,1.0,0.0,0.0,0.0,0.0,1.0,0.0,0.0,1.0,2.0,REF-809903
-0.35547576301615796,0.2,-0.029614487679743128,-0.7871194602462411,-0.0916534878590712,-0.8292703231574599,1.0,0.0,0.0,0.0,0.0,0.0,0.0,1.0,1.0,0.0,REF-778178
-1.2437035137214671,0.1,0.41948455318648487,-0.6636793253274224,-0.9361938425215341,0.6357825310876446,0.0,0.0,0.0,1.0,0.0,0.0,0.0,1.0,0.0,1.0,REF-353121
-0.8109771736342652,0.4,-0.043430289221257475,1.080913135571623e-15,0.740880800361801,1.2010041224953147,1.0,0.0,0.0,0.0,0.0,0.0,1.0,0.0,1.0,1.0,REF-325358
0.0,-1.2,-0.4838636557455081,0.3996819148843138,-1.2269782674212322,-0.6311935543147656,0.0,1.0,0.0,0.0,0.0,1.0,0.0,0.0,1.0,2.0,
1.146858168761221,-1.5,-1.4303427437797889,1.080913135571623e-15,-1.8599187023922148,-1.0732681294203499,0.0,0.0,1.0,0.0,0.0,1.0,0.0,0.0,2.0,2.0,REF-626023
0.0,0.4,0.14576703314973383,1.1389718810206044,0.39648003162178247,0.5104235234310964,1.0,0.0,0.0,0.0,0.0,0.0,1.0,0.0,2.0,1.0,REF-103960
-0.429443447037702,-0.4,1.9050698848295913,0.37965859336973234,0.4868193855413984,1.6744351707304028,0.0,0.0,0.0,1.0,0.0,0.0,0.0,1.0,1.0,0.0,REF-930813
-0.035804052321107976,-0.7,0.41174676643549035,1.823094418785815,-0.3522645016882981,2.5358875914928296,1.0,0.0,0.0,0.0,0.0,0.0,1.0,0.0,1.0,2.0,REF-387497
1.5852269812772506,-0.6,-0.9747284681710359,1.3463199945785045,-0.8505207186056264,-2.1466139582965393,1.0,0.0,0.0,0.0,0.0,1.0,0.0,0.0,2.0,2.0,REF-739128
0.005129520389843549,-0.5,1.5118179027108952e-14,-1.3026611349366406,0.20380283105095578,0.0,1.0,0.0,0.0,0.0,0.0,0.0,1.0,0.0,1.0,2.0,REF-120934
2.086791484996153,0.4,1.5118179027108952e-14,0.9571081962030812,-0.7029795310472323,0.0,1.0,0.0,0.0,0.0,0.0,1.0,0.0,0.0,2.0,0.0,REF-710229
-1.5087971274685816,1.5,1.5118179027108952e-14,0.8501131936309535,-0.07733318643768725,-0.047889334134464875,1.0,0.0,0.0,0.0,0.0,1.0,0.0,0.0,0.0,2.0,REF-223148
-0.08956142600666837,-0.3,5.04059633453725,0.10354586718901601,0.08148045934883243,0.8397112569513215,1.0,0.0,0.0,0.0,0.0,0.0,1.0,0.0,1.0,1.0,REF-245350
0.0,0.8,1.9720941566383465,-0.2433513394428926,2.41705167612022,1.5581948590382224,0.0,0.0,1.0,0.0,0.0,1.0,0.0,0.0,2.0,0.0,REF-280599
0.009643498332905873,1.5,-1.2291844801405793,-2.5163594026972502,1.2606247827071102,1.2216293364689574,1.0,0.0,0.0,0.0,0.0,0.0,1.0,0.0,1.0,1.0,REF-743096
-1.208617594254937,-0.7,0.1586552237005639,0.5452224031572772,-0.2089246181651096,-0.7070773414459738,0.0,0.0,0.0,1.0,0.0,0.0,1.0,0.0,1.0,0.0,REF-732738
-0.9157219799948705,0.1,0.805599920569222,0.18809673824738182,-2.683605443356144,2.0724375888076576,0.0,0.0,0.0,1.0,0.0,0.0,1.0,0.0,0.0,2.0,REF-763801
0.0,0.0,-1.76138475918067,-2.2120046794254775,-0.543578521264094,0.20553835408133597,0.0,0.0,1.0,0.0,0.0,0.0,1.0,0.0,0.0,2.0,REF-712931
-0.4402154398563734,0.2,-0.3150335404658168,1.080913135571623e-15,-0.19938313244219844,-0.2572173623854622,0.0,0.0,1.0,0.0,0.0,1.0,0.0,0.0,0.0,0.0,REF-362765
-1.4453962554501154,7.3,0.03531149432284348,0.08732932851582052,1.1328545480880219,0.0,0.0,0.0,1.0,0.0,0.0,0.0,1.0,0.0,0.0,2.0,REF-494064
-0.7137214670428315,0.6,-0.037825324758893414,1.080913135571623e-15,0.08971755255919477,-0.22165697373951468,0.0,0.0,0.0,1.0,0.0,1.0,0.0,0.0,0.0,1.0,REF-883084
7.916835565016671,-1.0,0.8635039573734564,0.437394963458577,-0.630031639654561,0.9964625865562965,0.0,0.0,0.0,1.0,0.0,0.0,1.0,0.0,2.0,1.0,REF-139860
0.2807899461400359,0.2,5.990066790885923,-0.03928732624258642,0.8055461996864685,0.8175340479974067,1.0,0.0,0.0,0.0,0.0,1.0,0.0,0.0,1.0,2.0,REF-360097
0.03200820723262375,-0.5,-0.21876187305976386,-0.5132726154011275,1.5104810415337808,0.9817017377505558,0.0,1.0,0.0,0.0,0.0,0.0,0.0,1.0,1.0,2.0,REF-674505
-1.2828930494998718,0.2,-0.2524341498940611,-0.7077957677164306,1.1238129814779485,0.08865867084228146,0.0,1.0,0.0,0.0,0.0,0.0,1.0,0.0,0.0,1.0,REF-766130
1.835342395486022,0.0,0.24715589104376656,-1.7458140394645083,-0.07350410095231978,0.0,0.0,1.0,0.0,0.0,0.0,1.0,0.0,0.0,2.0,0.0,REF-113832
1.3660938702231342,1.2,-1.5278314737424001,1.080913135571623e-15,1.7727106157828578,-0.26407560767631294,0.0,0.0,1.0,0.0,0.0,0.0,1.0,0.0,1.0,2.0,REF-721715
-0.18445755321877405,0.0,0.7729692353223852,-0.5955507131007732,-0.8114045789256217,-1.8150642293782833,0.0,0.0,1.0,0.0,0.0,0.0,0.0,1.0,1.0,0.0,REF-460190
0.0,0.1,0.19985292209335226,-0.9743003640978442,-0.01914399274873516,1.0937110727468298,0.0,1.0,0.0,0.0,0.0,1.0,0.0,0.0,1.0,0.0,REF-573054
0.9546037445498846,0.1,-0.3640939000024393,-0.1867914059821131,-1.042355425318529,0.0,1.0,0.0,0.0,0.0,0.0,1.0,0.0,0.0,2.0,2.0,REF-677406
-1.1454219030520647,-2.1,-1.8887956405115636,1.080913135571623e-15,0.05661797678245972,0.0,1.0,0.0,0.0,0.0,0.0,0.0,0.0,1.0,0.0,0.0,REF-733628
3.1430623236727366,-0.6,-0.3789700593973097,0.28971768027924294,-0.08488685540126768,-1.2980581423041662,1.0,0.0,0.0,0.0,0.0,0.0,1.0,0.0,2.0,1.0,REF-530248
0.8430879712746858,0.0,0.050675108537920205,0.18578564612245427,0.5821651028276557,-0.31165006558641223,0.0,0.0,1.0,0.0,0.0,0.0,1.0,0.0,2.0,1.0,REF-644658
-0.2018979225442421,-0.3,-0.2845564012524829,-0.5301685732273157,-0.029586283386207952,0.40313486370228213,0.0,0.0,0.0,0.0,1.0,0.0,0.0,1.0,1.0,1.0,REF-926555
0.9974865350089767,0.2,0.42286037462818904,1.080913135571623e-15,-0.369506095902207,1.2225068378449677,1.0,0.0,0.0,0.0,0.0,1.0,0.0,0.0,2.0,1.0,REF-893875
-0.1513208515003847,0.3,-0.18249893662469463,-0.12258729624609449,0.35146013074501364,2.119898177910651,0.0,0.0,0.0,1.0,0.0,0.0,1.0,0.0,1.0,2.0,REF-954614
0.0,0.3,1.5118179027108952e-14,0.39815596346288873,0.7114397930895954,-0.06901560030984166,0.0,0.0,0.0,1.0,0.0,1.0,0.0,0.0,2.0,0.0,REF-964053
-1.1279815337265966,6.4,1.5118179027108952e-14,-1.2510783001959451,-0.48927379445854946,0.0,0.0,1.0,0.0,0.0,0.0,0.0,1.0,0.0,0.0,0.0,REF-771349
-0.7600923313670171,0.0,1.5118179027108952e-14,-0.6852359801290474,-0.37977511350964477,0.0,1.0,0.0,0.0,0.0,0.0,1.0,0.0,0.0,0.0,1.0,REF-912807
0.4432931520902796,0.9,0.337127305964108,-0.3125562231127191,-1.3644213124224172,1.686550350099179,1.0,0.0,0.0,0.0,0.0,0.0,1.0,0.0,1.0,0.0,REF-485407
-0.4626827391638882,0.4,-0.22654051154602692,-1.420725739027069,1.7077470097649394,0.3912748992337848,1.0,0.0,0.0,0.0,0.0,0.0,1.0,0.0,0.0,2.0,REF-796870
0.0,0.0,4.7271620978955955,-0.6881605596714169,1.4720058134991636,0.0,1.0,0.0,0.0,0.0,0.0,1.0,0.0,0.0,0.0,0.0,REF-621113
0.0,0.0,-0.28715899721965604,0.18064442202192832,0.34843275175957367,-1.554961481578802,0.0,0.0,1.0,0.0,0.0,1.0,0.0,0.0,1.0,0.0,REF-740147
0.0,0.4,-0.5594317913835724,-0.36327060133000655,0.6320609213094529,0.8919341975331788,0.0,1.0,0.0,0.0,0.0,0.0,0.0,1.0,1.0,0.0,REF-448750
1.7204411387535266,0.0,-0.08680274676216174,1.2610879587327726,-0.01414143793827007,1.465463324032033,0.0,0.0,1.0,0.0,0.0,1.0,0.0,0.0,2.0,2.0,REF-795773
-0.5588099512695563,0.0,1.0175757237052334,0.6887234200137613,2.2067038491100663,-0.9721090011676451,0.0,0.0,1.0,0.0,0.0,0.0,1.0,0.0,1.0,0.0,REF-597145
0.03447037701974865,0.4,1.5118179027108952e-14,-0.4541985394506466,-1.101072576038133,0.7675427564819821,1.0,0.0,0.0,0.0,0.0,0.0,1.0,0.0,1.0,2.0,REF-845923
0.9535778404719158,-2.1,0.029558867859069457,1.080913135571623e-15,0.0,0.0,0.0,1.0,0.0,0.0,0.0,0.0,1.0,0.0,2.0,0.0,REF-407765
0.3720954090792511,-0.7,0.11137246784831935,-1.0371746541322184,-0.012869401877319704,0.7172266301114061,1.0,0.0,0.0,0.0,0.0,1.0,0.0,0.0,1.0,1.0,REF-314077
0.0,-1.8,0.4744162858194391,1.182823676871782,0.0,0.18418771049507357,1.0,0.0,0.0,0.0,0.0,0.0,0.0,1.0,1.0,2.0,REF-784063
0.0,0.3,-0.23051147042885387,-0.691138745021226,0.7886296456684251,0.0,1.0,0.0,0.0,0.0,0.0,1.0,0.0,0.0,1.0,0.0,
0.0,0.0,0.5736699384069507,1.080913135571623e-15,-0.44835717341050785,-1.454899274934322,0.0,0.0,1.0,0.0,0.0,1.0,0.0,0.0,1.0,0.0,REF-233757
0.2639651192613491,-0.3,0.21380272583730273,1.080913135571623e-15,-0.23605157491750606,-0.018742296818868485,0.0,0.0,0.0,0.0,1.0,1.0,0.0,0.0,1.0,0.0,REF-346330
4.680747131059246,-1.4,-0.6709766459865352,1.080913135571623e-15,-0.6858625558294988,0.0,1.0,0.0,0.0,0.0,0.0,1.0,0.0,0.0,2.0,0.0,REF-774635
-1.1057194152346757,0.7,-0.010527918657998863,-1.33055959878933,-0.5528594952343496,-1.6387468576087993,1.0,0.0,0.0,0.0,0.0,0.0,1.0,0.0,0.0,1.0,REF-505641
0.0,0.3,-0.5408374219408688,0.25385692700041773,-0.13153759956280803,1.0426891744756017,1.0,0.0,0.0,0.0,0.0,1.0,0.0,0.0,1.0,1.0,REF-756713
1.585637342908438,0.0,0.8545516612993417,-2.5163594026972502,-0.8029253006047037,-0.9824865127095059,0.0,0.0,1.0,0.0,0.0,1.0,0.0,0.0,2.0,2.0,REF-347183
0.0,-1.6,0.7122474500786168,1.0966079307996457,-1.4935673364190782,0.819805779149945,1.0,0.0,0.0,0.0,0.0,0.0,1.0,0.0,0.0,1.0,REF-218084
-0.9164401128494486,0.2,0.7808387901965554,0.9649685002687051,-0.5183532601589105,-0.3129021873576763,1.0,0.0,0.0,0.0,0.0,1.0,0.0,0.0,0.0,0.0,REF-105452
-0.7996922287766094,0.0,-0.49501424326940086,3.1376678494578663,0.6088903708348595,-0.7789694226785193,0.0,0.0,1.0,0.0,0.0,1.0,0.0,0.0,1.0,1.0,REF-881995
1.0769941010515516,0.0,0.38489994220834406,-0.4236791291883761,1.5251158906330269,0.0,1.0,0.0,0.0,0.0,0.0,1.0,0.0,0.0,2.0,0.0,REF-166478
0.0,0.2,-0.1429115200172866,0.827575614011671,0.0,0.0,1.0,0.0,0.0,0.0,0.0,0.0,1.0,0.0,0.0,0.0,REF-177802
0.37958450884842265,-0.1,1.5118179027108952e-14,0.9230045254641752,0.5722897336801566,-1.5013991593908624,0.0,0.0,0.0,0.0,1.0,1.0,0.0,0.0,1.0,0.0,REF-489175
-0.8853552192869967,0.0,-0.09178174348945316,-0.5598660673280024,0.4305990417850191,0.6167234825191614,1.0,0.0,0.0,0.0,0.0,1.0,0.0,0.0,0.0,1.0,REF-790721
-0.14475506540138497,0.2,1.5118179027108952e-14,-0.33333411581208594,0.5913044223795296,1.9657983042844753,1.0,0.0,0.0,0.0,0.0,1.0,0.0,0.0,1.0,0.0,REF-448821
-0.928032828930495,-1.8,-1.0618168782601376,0.6250438585746592,0.0,0.0,1.0,0.0,0.0,0.0,0.0,1.0,0.0,0.0,0.0,1.0,REF-979754
0.4314952551936394,-2.0,0.7510110446352203,-1.3500993035200755,-0.177516421100199,0.0,0.0,0.0,0.0,1.0,0.0,1.0,0.0,0.0,1.0,0.0,REF-639976
0.384098486791485,-2.1,0.20181176279905313,1.1283240681224587,0.0,-0.4815284384685174,0.0,1.0,0.0,0.0,0.0,0.0,1.0,0.0,1.0,0.0,REF-731087
-0.020928443190561682,0.0,0.1192378949950638,0.24417360105307417,-0.2159621246865281,0.0,1.0,0.0,0.0,0.0,0.0,1.0,0.0,0.0,1.0,2.0,
10.556655552705822,2.1,0.6777868411385255,-0.07676512871711112,-1.0713104456321085,0.0,0.0,0.0,0.0,1.0,0.0,1.0,0.0,0.0,1.0,2.0,REF-501907
2.5571685047448063,0.0,1.5118179027108952e-14,-0.6790793003571521,0.0956453586576132,-0.7394169671281798,1.0,0.0,0.0,0.0,0.0,0.0,1.0,0.0,1.0,1.0,REF-713619
1.0383175173121313,-1.5,1.4873636578009954,-2.3505561222987215,1.7590611953292308,-0.2998460275554729,1.0,0.0,0.0,0.0,0.0,0.0,1.0,0.0,2.0,2.0,REF-467982
0.0,0.0,1.5118179027108952e-14,2.0607797067443143,-1.4427303488376273,1.0135189805425073,1.0,0.0,0.0,0.0,0.0,1.0,0.0,0.0,1.0,0.0,REF-701726
-0.030366760707873815,0.0,1.25391992735483,1.080913135571623e-15,-0.38525744874275,-0.6826932987694467,1.0,0.0,0.0,0.0,0.0,0.0,0.0,1.0,1.0,1.0,REF-813911
-0.4991023339317774,1.0,-1.6687535558637916,-1.8701625439429406,2.0761064179923014,-0.9953030692091881,1.0,0.0,0.0,0.0,0.0,1.0,0.0,0.0,0.0,1.0,REF-166627
0.23893305975891255,0.3,0.5953278475630195,0.6079943046998905,1.3233286670962803,1.5899133344627285,0.0,0.0,0.0,0.0,1.0,1.0,0.0,0.0,1.0,2.0,REF-919435
1.702590407796871,0.0,1.5118179027108952e-14,0.46937697268609485,0.34448161886723766,-0.7675858128698053,1.0,0.0,0.0,0.0,0.0,1.0,0.0,0.0,2.0,0.0,REF-355855
-0.26724801231084894,-2.0,1.4131620127073667,-0.47511656741798286,0.8343494419836341,0.13744698866642574,1.0,0.0,0.0,0.0,0.0,0.0,1.0,0.0,1.0,0.0,REF-976308
0.5333675301359323,-0.2,0.08552651113503304,0.12768487200589096,1.37856333264353,1.3452133160056803,0.0,0.0,1.0,0.0,0.0,0.0,0.0,1.0,2.0,1.0,REF-949702
0.0,-0.5,-0.1766851389427463,0.350732531988812,0.0,0.0,1.0,0.0,0.0,0.0,0.0,0.0,1.0,0.0,1.0,0.0,REF-134493
3.348296,0.3,0.038857467497297196,1.16889003927917,-0.3101221548862867,-2.0189191115200553,0.0,1.0,0.0,0.0,0.0,0.0,1.0,0.0,1.0,0.0,REF-292910
0.0,0.0,-0.8587761581493856,1.080913135571623e-15,0.0,1.2839642612787374,1.0,0.0,0.0,0.0,0.0,0.0,1.0,0.0,1.0,0.0,REF-459955
0.23400872018466273,0.0,1.5118179027108952e-14,-0.4447221955386979,1.1840566145328126,0.9183475227645669,0.0,0.0,1.0,0.0,0.0,1.0,0.0,0.0,1.0,0.0,REF-693722
-0.5155167991792767,0.0,-0.18084473922390476,1.080913135571623e-15,0.0,1.4385571566292035,1.0,0.0,0.0,0.0,0.0,1.0,0.0,0.0,1.0,0.0,REF-377753
0.4163118748397025,1.7,0.9936079680744109,-0.991025819463598,1.2420924243184135,-1.0007390535786544,0.0,0.0,1.0,0.0,0.0,1.0,0.0,0.0,1.0,1.0,REF-174774
-0.13418825339830726,-0.3,0.2018811256412072,1.2363653453696715,0.8710414519347546,0.0,1.0,0.0,0.0,0.0,0.0,1.0,0.0,0.0,1.0,0.0,REF-263308
-1.0351372146704283,-0.6,-0.3837852449216056,-0.32592447217033543,-0.9134636522855943,0.7367651807396227,0.0,0.0,0.0,0.0,1.0,0.0,1.0,0.0,0.0,1.0,REF-556591
0.5809694793536805,0.0,0.3030857464646177,-0.19204260656939254,0.9776214116803443,0.0,0.0,0.0,1.0,0.0,0.0,1.0,0.0,0.0,2.0,1.0,REF-438002
1.335214157476276,1.2,0.8701701520439364,-0.7127612585384024,0.3499215174530589,1.087269486018381,0.0,0.0,0.0,1.0,0.0,1.0,0.0,0.0,2.0,2.0,REF-652202
1.288945883559887,-0.9,0.6055591008279965,0.01871801301595842,0.13706008677039794,0.11184661413662447,0.0,1.0,0.0,0.0,0.0,0.0,1.0,0.0,2.0,2.0,REF-466634
2.3023339317773788,-0.3,0.5416362204185453,1.3912400273909928,-0.34598361747619666,-0.5770157335088183,0.0,0.0,0.0,1.0,0.0,1.0,0.0,0.0,2.0,2.0,REF-507773
-0.7040779687099257,0.2,-1.2893917888434245,-1.6848636157348673,0.0,0.0,0.0,1.0,0.0,0.0,0.0,0.0,0.0,1.0,0.0,2.0,REF-805219
-0.4980764298538087,2.2,1.5118179027108952e-14,0.8120943677220316,0.15849619255181152,0.0,0.0,1.0,0.0,0.0,0.0,1.0,0.0,0.0,0.0,2.0,REF-498274
-0.16465760451397796,2.4,0.11698511328799063,-0.34627947410392323,1.8224244373623548,0.4408114983332069,0.0,1.0,0.0,0.0,0.0,0.0,1.0,0.0,1.0,2.0,
-0.2963836881251603,-0.5,1.5118179027108952e-14,0.3570792326192462,0.8867234478206957,-0.6488054572669437,1.0,0.0,0.0,0.0,0.0,0.0,1.0,0.0,1.0,0.0,REF-718621
-0.11028468838163631,6.9,0.14746610362846688,1.412626825502807,0.2672900084932502,0.0,0.0,0.0,0.0,0.0,1.0,1.0,0.0,0.0,1.0,0.0,REF-696961
0.46309310079507565,-1.8,0.6094120152174631,-0.28394706244644563,-0.8779542044518045,-1.4549745142283745,0.0,1.0,0.0,0.0,0.0,0.0,1.0,0.0,2.0,2.0,REF-918074
-1.1088997178763786,0.0,0.42853176571424945,0.6277249430391735,1.2267927271779993,-2.2383201629306613,1.0,0.0,0.0,0.0,0.0,0.0,1.0,0.0,0.0,0.0,REF-924789
0.0,0.0,-0.2709580713703786,-0.14263975654376956,-0.8044881866606529,1.640069898201035,0.0,0.0,0.0,1.0,0.0,1.0,0.0,0.0,2.0,2.0,REF-105529
0.4785842523724032,-1.4,-0.3643856707553778,0.6661989885582136,1.6951081479173316,0.0,1.0,0.0,0.0,0.0,0.0,1.0,0.0,0.0,2.0,0.0,REF-212793
3.7157219799948704,-0.9,-0.7894199969503829,0.050713030452212586,-1.0930056308886409,-2.29868697570636,0.0,1.0,0.0,0.0,0.0,1.0,0.0,0.0,2.0,2.0,REF-899794
6.245670996665812,-0.4,1.5118179027108952e-14,-1.0439861346683852,0.8852439919311907,1.5097508589784263,0.0,1.0,0.0,0.0,0.0,0.0,1.0,0.0,1.0,1.0,REF-596160
0.4462682739163888,0.0,-0.4106193880892589,0.17258703089152452,-0.16301646650339083,0.5900586521963693,0.0,0.0,1.0,0.0,0.0,1.0,0.0,0.0,2.0,1.0,REF-863892
-0.8521159271608104,1.2,1.5118179027108952e-14,0.24976414535622435,0.5409186347735332,0.0,1.0,0.0,0.0,0.0,0.0,1.0,0.0,0.0,0.0,2.0,REF-823848
-0.434983329058733,-0.1,-1.4238679565105656,0.7334887029095468,0.0,0.8699233856199956,0.0,0.0,1.0,0.0,0.0,1.0,0.0,0.0,1.0,1.0,REF-422362
-0.49499871761990255,0.0,-0.37501920722793153,2.1721866781140298,-0.629151288097228,-0.7888647939687796,0.0,1.0,0.0,0.0,0.0,1.0,0.0,0.0,1.0,1.0,REF-410289
-1.0423185432162092,-1.3,-0.1284117072335079,-0.42055495175810376,0.7617864317762862,-0.20676063473353432,0.0,0.0,1.0,0.0,0.0,0.0,0.0,1.0,0.0,2.0,REF-814219
0.061349063862528856,0.0,1.5118179027108952e-14,1.3269552959688136,-1.2660430838228836,0.002399709206301737,0.0,0.0,0.0,0.0,1.0,1.0,0.0,0.0,1.0,0.0,REF-669425
-0.8188766350346243,0.0,0.2107896124846485,0.8606020222130264,1.0496263653276174,0.892098516890939,0.0,0.0,0.0,1.0,0.0,1.0,0.0,0.0,0.0,0.0,REF-780328
0.0,-0.6,-0.35060384849572795,0.1320499239322806,-1.5261949658972698,0.41408620145080643,1.0,0.0,0.0,0.0,0.0,1.0,0.0,0.0,1.0,0.0,REF-859971
0.0,0.0,-0.11374780664643507,-1.4020734372278352,-0.8622207876322201,0.6913072528690085,1.0,0.0,0.0,0.0,0.0,1.0,0.0,0.0,1.0,1.0,REF-595412
-0.41928699666581176,-1.5,-0.6146818271204115,1.080913135571623e-15,-0.32580547454389097,1.3455007497172733,1.0,0.0,0.0,0.0,0.0,1.0,0.0,0.0,1.0,0.0,REF-572418
0.7015132085150039,0.0,0.27556678353078173,1.080913135571623e-15,0.0,1.0709957800034848,1.0,0.0,0.0,0.0,0.0,1.0,0.0,0.0,2.0,2.0,REF-333356
3.5390612977686584,0.0,0.0051856374788459714,0.8473649414152635,0.9038586954275922,0.5304071029219538,1.0,0.0,0.0,0.0,0.0,1.0,0.0,0.0,2.0,0.0,REF-414416
-0.14762759681969737,0.4,-0.6784214917526157,1.080913135571623e-15,0.007099454925400063,0.0,0.0,0.0,0.0,0.0,1.0,0.0,1.0,0.0,1.0,2.0,REF-350838
-0.24447294177994358,-0.5,-0.8276164332491294,0.9415794192178699,-1.8047024828435283,0.9911167633676949,1.0,0.0,0.0,0.0,0.0,1.0,0.0,0.0,1.0,0.0,
-0.38850987432675044,-1.9,-0.7322769088231532,0.6623924270587018,0.06856542835096577,-1.6279016593447162,0.0,0.0,1.0,0.0,0.0,1.0,0.0,0.0,1.0,0.0,REF-224109
-0.3543472685303924,0.5,-0.10360770381575428,-1.2114811751319052,-0.619789596607378,2.1025881555493404,1.0,0.0,0.0,0.0,0.0,1.0,0.0,0.0,1.0,1.0,REF-258604
-1.091048986919723,1.2,1.5118179027108952e-14,-0.4194307989712306,0.7245360288968804,1.0836921833463273,1.0,0.0,0.0,0.0,0.0,1.0,0.0,0.0,0.0,1.0,REF-942647
-1.483970248781739,-0.3,1.5118179027108952e-14,1.075524240228744,-0.10842930975866201,0.0,1.0,0.0,0.0,0.0,0.0,0.0,0.0,1.0,1.0,1.0,REF-250621
0.0,-0.7,0.938831599697121,1.8057725444276,-1.5223896431982888,-0.7687362260269458,0.0,0.0,0.0,1.0,0.0,1.0,0.0,0.0,0.0,0.0,REF-173727
0.0,-0.5,1.5118179027108952e-14,1.4117345766294251,1.9799310213918289,0.0,1.0,0.0,0.0,0.0,0.0,0.0,1.0,0.0,1.0,2.0,REF-284533
-0.24354962810977174,0.1,-1.2621082553109608,-1.2793818744444332,1.3231420912461016,2.6809194771593794,0.0,1.0,0.0,0.0,0.0,1.0,0.0,0.0,1.0,0.0,REF-651200
4.549218816106694,-1.2,1.5118179027108952e-14,0.6815120446874153,-2.2359696688477158,-1.2710130845971381,1.0,0.0,0.0,0.0,0.0,1.0,0.0,0.0,2.0,0.0,REF-997217
-0.8558091818414978,1.3,-0.3596459758335331,0.9177077117169481,1.2265397565835796,0.8002363520817174,0.0,1.0,0.0,0.0,0.0,1.0,0.0,0.0,0.0,0.0,REF-525371
-0.3218261092587843,1.2,0.4513397576025983,0.561901406393708,-0.5725899537815194,0.0,1.0,0.0,0.0,0.0,0.0,1.0,0.0,0.0,1.0,2.0,REF-596560
-0.9609643498332906,0.5,0.27920618377268647,1.9524808362348884,-2.1781616779949613,-0.18883190745333092,0.0,0.0,0.0,1.0,0.0,1.0,0.0,0.0,0.0,2.0,REF-281519
0.5026929982046678,-1.6,-0.676377245387881,2.072095966019215,0.2023579234317016,0.0,0.0,1.0,0.0,0.0,0.0,0.0,0.0,1.0,1.0,2.0,REF-141458
-0.88032828930495,0.0,-0.38293195430136673,0.2644023825924272,1.5447458076374359,0.7336598807082855,1.0,0.0,0.0,0.0,0.0,1.0,0.0,0.0,0.0,0.0,REF-313008
0.0,-1.9,0.11450998750098977,1.437397613810854,0.2738268797630626,-1.0968383454813897,0.0,1.0,0.0,0.0,0.0,1.0,0.0,0.0,0.0,2.0,REF-473608
-1.0850987432675046,-1.4,1.5118179027108952e-14,0.045522646397365786,-2.0285318934215515,-0.10643266517137707,0.0,1.0,0.0,0.0,0.0,0.0,0.0,1.0,0.0,1.0,REF-458581
-0.9334701205437291,-0.7,-0.7586151076693596,-1.7281556554791682,0.0,1.6634942821977081,0.0,0.0,0.0,0.0,1.0,1.0,0.0,0.0,0.0,0.0,REF-754313
0.0,0.5,-0.4359026972571184,-0.6551292089288165,0.0,-1.9454938988066013,1.0,0.0,0.0,0.0,0.0,0.0,1.0,0.0,1.0,1.0,REF-462276
-0.24529366504231853,0.0,-0.1458596323015865,0.14522846626948427,1.2332467433624987,1.9785623677010877,1.0,0.0,0.0,0.0,0.0,1.0,0.0,0.0,1.0,2.0,REF-612680
-1.0240574506283662,-1.2,0.20862034278845878,1.080913135571623e-15,0.12889178628408965,-0.11545455364940113,1.0,0.0,0.0,0.0,0.0,0.0,1.0,0.0,1.0,0.0,REF-504136
0.0,-1.3,-1.9723128429689392,1.080913135571623e-15,0.0,-0.876493786597251,1.0,0.0,0.0,0.0,0.0,1.0,0.0,0.0,1.0,2.0,REF-287853
-0.8720184662734034,-0.5,-0.1799017237247116,0.31840126734105817,0.4736075475760545,-0.027222464849750005,0.0,0.0,0.0,0.0,1.0,1.0,0.0,0.0,1.0,0.0,REF-293568
2.6572967427545526,-1.2,0.17009866710159696,0.4224909859057949,-0.8296348244096075,-1.153019635032531,1.0,0.0,0.0,0.0,0.0,1.0,0.0,0.0,2.0,1.0,REF-631331
0.8743780456527315,0.3,-0.22038889980120624,-1.5857486235008416,1.4683122518503022,0.0,1.0,0.0,0.0,0.0,0.0,0.0,1.0,0.0,2.0,1.0,REF-516366
0.0,0.6,0.3523524923720921,-1.4214680816437424,0.0,0.1074502616661914,1.0,0.0,0.0,0.0,0.0,1.0,0.0,0.0,1.0,1.0,REF-299710
-1.4213901000256477,-1.6,-0.14742208351360359,-0.4757185252816881,-1.738912029514702,-0.58070255106888,1.0,0.0,0.0,0.0,0.0,0.0,1.0,0.0,0.0,1.0,REF-771561
0.0,-1.0,0.6501995153789635,0.36456462918653754,-2.0553883884326574,0.47452863542661994,1.0,0.0,0.0,0.0,0.0,0.0,1.0,0.0,1.0,2.0,REF-389345
0.0,0.7,1.5118179027108952e-14,-0.01712533564163589,-0.11844849259143467,-0.7414449462623556,1.0,0.0,0.0,0.0,0.0,0.0,1.0,0.0,1.0,2.0,REF-475058
0.0,1.7,-0.933238445824742,1.1197883830619622,-0.7446905452992997,0.0,0.0,1.0,0.0,0.0,0.0,0.0,0.0,1.0,0.0,2.0,REF-924517
-0.36193895870736087,0.9,-0.04405610801771478,-0.033764941545609724,0.0,0.0,0.0,0.0,0.0,1.0,0.0,1.0,0.0,0.0,1.0,0.0,REF-779077
2.3043857399333163,0.8,0.5855507506986193,-0.5753842518494757,-1.1888186178702767,0.008210851679554026,1.0,0.0,0.0,0.0,0.0,1.0,0.0,0.0,1.0,0.0,REF-646954
-0.8875096178507309,0.5,-0.0828391497024641,-1.1531870881718067,-0.8439879271566711,0.0,0.0,0.0,1.0,0.0,0.0,1.0,0.0,0.0,1.0,0.0,REF-810024
-0.1513208515003847,-0.4,-0.06367215382692455,1.839212343188495,0.0,0.2856104413311708,1.0,0.0,0.0,0.0,0.0,0.0,1.0,0.0,1.0,0.0,REF-576849
3.6273916388817646,-1.6,0.5227721869692386,0.10048718565617129,-1.095979082454751,-1.2458542808750974,0.0,1.0,0.0,0.0,0.0,1.0,0.0,0.0,2.0,2.0,REF-716627
0.6699153629135676,-0.1,0.6398558134572884,1.2935965364772044,-2.019018912191716,0.0,0.0,0.0,0.0,1.0,0.0,0.0,0.0,1.0,2.0,0.0,REF-169796
-0.6134906386252885,1.7,-0.5218675569649014,0.7620304007021453,0.4315648525686383,0.0,0.0,0.0,0.0,1.0,0.0,1.0,0.0,0.0,1.0,0.0,REF-687037
0.38532957168504745,-2.1,0.18566532720707085,1.080913135571623e-15,0.08830346060813161,-1.2409177004312075,0.0,0.0,0.0,0.0,1.0,1.0,0.0,0.0,1.0,0.0,REF-526974
0.009951269556296487,-1.4,-0.3571832332287794,-0.13192161017320245,1.1917546071592715,0.0,1.0,0.0,0.0,0.0,0.0,0.0,0.0,1.0,1.0,2.0,REF-501922
-0.2303154655039754,-1.7,-1.9291338354160423,-0.45650646737557743,0.3241432236097602,-0.4000620264406469,0.0,0.0,0.0,1.0,0.0,0.0,1.0,0.0,1.0,2.0,REF-288489
0.0,0.0,-1.067849679541574,-0.6255061450267975,-0.1700309372277809,2.4697290925526505,0.0,0.0,0.0,1.0,0.0,1.0,0.0,0.0,0.0,1.0,REF-298834
1.380456527314696,-0.3,0.5741208819887712,1.2866335143405814,-0.2871354350632646,-0.9446095493493484,1.0,0.0,0.0,0.0,0.0,1.0,0.0,0.0,2.0,0.0,REF-485224
0.9062836624775583,-1.2,-0.22298615525508367,-0.05602483066895214,0.5864124025028108,0.6066745403417195,0.0,0.0,0.0,0.0,1.0,0.0,1.0,0.0,1.0,0.0,REF-408935
2.2723775327006925,6.2,-0.4735102728136545,-0.17444859275648042,-2.050021470897624,-0.6009098306098734,1.0,0.0,0.0,0.0,0.0,0.0,0.0,1.0,2.0,0.0,REF-551495
0.41908181585021803,0.8,0.9463991496075923,0.31326141845052985,0.3973622711813173,0.0,1.0,0.0,0.0,0.0,0.0,1.0,0.0,0.0,1.0,0.0,REF-268778
-0.2529879456270839,-0.6,-0.8435295033034522,-0.4041912815881971,0.34859525015633136,0.008297070297850512,1.0,0.0,0.0,0.0,0.0,1.0,0.0,0.0,1.0,2.0,REF-462559
0.6492946909463965,6.5,-0.7097685814344767,0.28279401211945115,0.0,-2.1432473708685524,1.0,0.0,0.0,0.0,0.0,0.0,1.0,0.0,2.0,0.0,REF-869073
0.18681713259810206,0.2,1.5118179027108952e-14,-0.339252119065497,-0.24095943665181502,0.8214692460492847,1.0,0.0,0.0,0.0,0.0,1.0,0.0,0.0,1.0,2.0,REF-616866
-0.7557835342395486,-0.6,1.5118179027108952e-14,-0.9325536207505728,-2.560280542482675,-0.6485983406799878,1.0,0.0,0.0,0.0,0.0,0.0,1.0,0.0,0.0,1.0,REF-267693
